/*
SQLyog Ultimate v12.09 (64 bit)
MySQL - 5.0.27-community-nt : Database - graduation_project
*********************************************************************
*/

/*!40101 SET NAMES utf8 */;

/*!40101 SET SQL_MODE=''*/;

/*!40014 SET @OLD_UNIQUE_CHECKS=@@UNIQUE_CHECKS, UNIQUE_CHECKS=0 */;
/*!40014 SET @OLD_FOREIGN_KEY_CHECKS=@@FOREIGN_KEY_CHECKS, FOREIGN_KEY_CHECKS=0 */;
/*!40101 SET @OLD_SQL_MODE=@@SQL_MODE, SQL_MODE='NO_AUTO_VALUE_ON_ZERO' */;
/*!40111 SET @OLD_SQL_NOTES=@@SQL_NOTES, SQL_NOTES=0 */;
CREATE DATABASE /*!32312 IF NOT EXISTS*/`graduation_project` /*!40100 DEFAULT CHARACTER SET utf8 */;

USE `graduation_project`;

/*Table structure for table `authority_management` */

DROP TABLE IF EXISTS `authority_management`;

CREATE TABLE `authority_management` (
  `id` smallint(6) NOT NULL auto_increment COMMENT '权限id',
  `name` varchar(20) NOT NULL COMMENT '权限名称',
  `schoolYear` char(10) NOT NULL COMMENT '当前学年',
  `semester` smallint(6) NOT NULL default '1' COMMENT '当前学期',
  `status` tinyint(1) NOT NULL default '0' COMMENT '状态',
  PRIMARY KEY  (`id`)
) ENGINE=InnoDB DEFAULT CHARSET=utf8;

/*Data for the table `authority_management` */

insert  into `authority_management`(`id`,`name`,`schoolYear`,`semester`,`status`) values (1,'courseSelection','2016-2017',2,1);

/*Table structure for table `class` */

DROP TABLE IF EXISTS `class`;

CREATE TABLE `class` (
  `classNum` char(10) NOT NULL default '' COMMENT '班号',
  `majorNum` char(10) NOT NULL COMMENT '专业号码',
  `gradeNum` char(10) NOT NULL default '' COMMENT '级号',
  PRIMARY KEY  (`classNum`),
  KEY `class-major` (`majorNum`),
  CONSTRAINT `class-major` FOREIGN KEY (`majorNum`) REFERENCES `major` (`majorNum`)
) ENGINE=InnoDB DEFAULT CHARSET=utf8;

/*Data for the table `class` */

insert  into `class`(`classNum`,`majorNum`,`gradeNum`) values ('101','101','13'),('102','101','13'),('201','102','13'),('202','102','13'),('208','202','17'),('301','103','13'),('302','103','13'),('401','104','13'),('402','104','13');

/*Table structure for table `course` */

DROP TABLE IF EXISTS `course`;

CREATE TABLE `course` (
  `courseNum` varchar(30) NOT NULL default '' COMMENT '课程号码',
  `courseName` varchar(20) NOT NULL COMMENT '课程名称',
  `teacherNum` char(10) NOT NULL COMMENT '教师工号',
  `teacherName` varchar(20) NOT NULL default '' COMMENT '教师姓名',
  `schoolYear` char(10) NOT NULL COMMENT '学年',
  `semester` smallint(11) NOT NULL COMMENT '学期',
  `coursePeriod` smallint(11) NOT NULL COMMENT '学时',
  `courseCredit` float NOT NULL COMMENT '学分',
  `week` varchar(50) default '' COMMENT '上课周次',
  `weekday` varchar(20) default '' COMMENT '上课日次',
  `time` varchar(30) default '' COMMENT '上课节次',
  `place` varchar(30) default '' COMMENT '上课地点',
  `selectedNum` smallint(11) default '0' COMMENT '已选人数',
  `description` text COMMENT '课程介绍',
  `status` tinyint(1) NOT NULL default '1' COMMENT '状态',
  PRIMARY KEY  (`courseNum`),
  KEY `name2` (`teacherNum`),
  CONSTRAINT `name2` FOREIGN KEY (`teacherNum`) REFERENCES `teacher` (`teacherNum`)
) ENGINE=InnoDB DEFAULT CHARSET=utf8;

/*Data for the table `course` */

insert  into `course`(`courseNum`,`courseName`,`teacherNum`,`teacherName`,`schoolYear`,`semester`,`coursePeriod`,`courseCredit`,`week`,`weekday`,`time`,`place`,`selectedNum`,`description`,`status`) values ('52CgmGrgsdIhF12kG6wmbw==','微机原理及应用实验','102','王春茹','2015-2016',1,16,1,'{1-5,7,10-13}{1-7,10-14,16,19}{1-4}','1,3,5','{6,7}{3,4}{6,7}','{教3-210}{教3-304}{教3-210}',35,'',1),('7Cnpk7l+LKyAp2eueYlmzA==','计算机网络课程设计','116','刘洪涛','2015-2016',1,32,2,'{1-5,7-14,16,19}{2-4,6-14,16}','2,4','{1,2}{3,4}','{教3-105}{教4-202}',35,'本课程是为了巩固《计算机网络》课程的课堂教学，加深学生对计算机网络分层体系结构各层功能和协议设计思想的理解。',1),('9cPcwEgDR1mR+TxTyWwclQ==','test2','102','王春茹','2016-2017',2,5,5,'{3,6-19}{3,6-19}{6-19}','1,3,5','{3,4}{1,2}{3,4}','{教3-305}{教4-306}{教3-309}',5,'test2',1),('addRP60OCky/8Egh84X46A==','高等数学A(1)','104','古伟清','2013-2014',1,88,5.5,'{3,6-19}{3,6-19}{6-19}','1,3,5','{3,4}{1,2}{3,4}','{教3-305}{教4-306}{教3-309}',35,'高等数学是由微积分学，较深入的代数学、几何学以及它们之间的交叉内容所形成的一门基础学科。',1),('AwYQzmF3FYE8VwVVIPS9Kw==','离散数学','112','张钢','2015-2016',1,48,3,'','','','',35,'《离散数学》课程是全国高等学校计算机科学与技术专业核心主干课程之一，是为计算机科学与技术专业的学生开设的一门非常重要的专业基础课程。',1),('eq9NcbxGmQZFdw8upGaKZg==','射频识别技术实验','117','高明琴','2015-2016',1,16,1,'{1-5,7-14,16-19}{11-14,16,19}','1,5','{1,2}{3,4}','{教3-202}{教3-202}',35,'',1),('FzmwwmAUrXglpecKLP1m6g==','软件工程C','111','李东','2016-2017',1,32,3,'{1-5,7-8,11}{1-5,7-8,11}','1,2','{1,2}{1,2}','{教4-309}{教5-306}',35,'软件工程是一门研究用工程化方法构建和维护有效的、实用的和高质量的软件的学科。',1),('HdGCF92iIMAcgzUjifvTMA==','物联网系统工程','110','蔡延光','2016-2017',1,48,3,'{1-5,7-8,11-13,16-18}{1-5,7-8,11-13,16-18}','2,5','{3,4}{1,2}','{教5-104}{教5-202}',35,'物联网(The Internet of Things);是将各种实体设备进行识别编码后，利用如RF、蓝芽等技术，使各种设备可互相联机，用户可透过网络进行设备控制、追踪、记录。',1),('Idqs0Imj+KHRSJewvvivfg==','test','102','王春茹','2016-2017',2,85,1.5,'{1-5,7-8,11-13,16-18}{1-5,7-8,11-13,16-18}','2,5','{3,4}{1,2}','{教5-104}{教5-202}',5,'测试用',1),('lx7xY+IvE2HyjVBbgZH9NQ==','嵌入式系统课程设计','115','张小波','2015-2016',1,16,1,'{2-4,6-11}{4}','4,3','{6,7}{8,9}','{教4-302}{教4-202]',35,'嵌入式系统课程设计是配合信息工程专业（电子信息工程方向）的专业选修课程《嵌入式系统》而单独设立的设计性实践课程。',1),('pMq9Lj+ciXsEfBVE5TJs0A==','嵌入式系统实验','115','张小波','2015-2016',1,8,0.5,'','','','',35,'',1),('schnKW94AaApXDG5NOVBXw==','大学英语(1)','103','谢滔滔','2013-2014',1,64,4,'{3,6-19}{3,6-19}{17-18}','1,3,5','{1,2}{3,4}{6,7}','{教3-305}{教3-305}{教3-305}',35,'大学英语是以外语教学理论为指导，以英语语言知识与应用技能、跨文化交际和学习策略为主要内容的一门基础学科。',1),('sHI9vF/JXHGeEb+s+FJ2Cg==','现代移动通信技术','114','方毅','2015-2016',1,24,1.5,'','','','',35,'',1),('uE4sCJ723D8uzAT2vEYViA==','Java面向对象程序设计','113','刘敬勇','2015-2016',1,24,1.5,'','','','',35,'\r\n本课程将面向对象编程的原理和Java语言相结合，介绍了Java的语言成分，面向对象程序设计的基本概念与原理，常用Java类库及应用接口、图形用户界面Swing、网络编程和常用Java编程软件工具等',1),('uWtbjJIfIh15DYLvxporUw==','002','115','张小波','2016-2017',2,2,2,'{1}','1','{1,2}','{教3-204}',5,'002',1),('xgmJBtEaRcvk5BD5dbAPYg==','001','115','张小波','2016-2017',2,4,4,'','','','',5,'001',1),('Yvwjj4b1eutjB0HQ4KQBIg==','大学英语(2)','103','谢滔滔','2013-2014',2,64,4,'{1-16}{1-16}','1,4','{1,2}{1,2}','{教3-310}{教3-310}',35,'大学英语是以外语教学理论为指导，以英语语言知识与应用技能、跨文化交际和学习策略为主要内容的一门基础学科。',1);

/*Table structure for table `course_examination` */

DROP TABLE IF EXISTS `course_examination`;

CREATE TABLE `course_examination` (
  `courseNum` varchar(30) NOT NULL default '' COMMENT '课程号码',
  `courseName` varchar(20) NOT NULL COMMENT '课程名称',
  `teacherNum` char(10) NOT NULL COMMENT '教师工号',
  `teacherName` varchar(10) NOT NULL default '' COMMENT '教师姓名',
  `schoolYear` char(10) NOT NULL COMMENT '学年',
  `semester` smallint(6) NOT NULL COMMENT '学期',
  `coursePeriod` smallint(6) NOT NULL COMMENT '学时',
  `courseCredit` float NOT NULL COMMENT '学分',
  `description` text COMMENT '课程介绍',
  PRIMARY KEY  (`courseNum`)
) ENGINE=InnoDB DEFAULT CHARSET=utf8;

/*Data for the table `course_examination` */

/*Table structure for table `course_selection` */

DROP TABLE IF EXISTS `course_selection`;

CREATE TABLE `course_selection` (
  `studentNum` char(10) NOT NULL COMMENT '学号',
  `studentName` varchar(10) NOT NULL default '' COMMENT '学生姓名',
  `courseNum` varchar(30) NOT NULL default '' COMMENT '课程号码',
  `courseName` varchar(20) NOT NULL default '' COMMENT '课程名称',
  `teacherNum` char(10) NOT NULL COMMENT '教师工号',
  `teacherName` varchar(10) NOT NULL default '' COMMENT '教师姓名',
  `regularGrade` smallint(6) default NULL COMMENT '平时成绩',
  `midtermGrade` smallint(6) default NULL COMMENT '期中成绩',
  `finalExamGrade` smallint(6) default NULL COMMENT '期末成绩',
  `grade` smallint(6) default NULL COMMENT '成绩',
  `status` tinyint(1) unsigned zerofill NOT NULL default '1' COMMENT '状态',
  PRIMARY KEY  (`studentNum`,`courseNum`),
  KEY `courseNum` (`courseNum`),
  KEY `teacherNum` (`teacherNum`),
  CONSTRAINT `courseNum` FOREIGN KEY (`courseNum`) REFERENCES `course` (`courseNum`),
  CONSTRAINT `studentNum` FOREIGN KEY (`studentNum`) REFERENCES `student` (`studentNum`),
  CONSTRAINT `teacherNum` FOREIGN KEY (`teacherNum`) REFERENCES `teacher` (`teacherNum`)
) ENGINE=InnoDB DEFAULT CHARSET=utf8;

/*Data for the table `course_selection` */

insert  into `course_selection`(`studentNum`,`studentName`,`courseNum`,`courseName`,`teacherNum`,`teacherName`,`regularGrade`,`midtermGrade`,`finalExamGrade`,`grade`,`status`) values ('3112005734','黄荣森','52CgmGrgsdIhF12kG6wmbw==','微机原理及应用实验','102','王春茹',NULL,NULL,NULL,NULL,1),('3112005734','黄荣森','7Cnpk7l+LKyAp2eueYlmzA==','计算机网络课程设计','116','刘洪涛',NULL,NULL,NULL,NULL,1),('3112005734','黄荣森','addRP60OCky/8Egh84X46A==','高等数学A(1)','104','古伟清',NULL,NULL,NULL,NULL,1),('3112005734','黄荣森','AwYQzmF3FYE8VwVVIPS9Kw==','离散数学','112','张钢',NULL,NULL,NULL,NULL,1),('3112005734','黄荣森','eq9NcbxGmQZFdw8upGaKZg==','射频识别技术实验','117','高明琴',NULL,NULL,NULL,NULL,1),('3112005734','黄荣森','FzmwwmAUrXglpecKLP1m6g==','软件工程C','111','李东',NULL,NULL,NULL,NULL,1),('3112005734','黄荣森','HdGCF92iIMAcgzUjifvTMA==','物联网系统工程','110','蔡延光',NULL,NULL,NULL,NULL,1),('3112005734','黄荣森','lx7xY+IvE2HyjVBbgZH9NQ==','嵌入式系统课程设计','115','张小波',NULL,NULL,NULL,NULL,1),('3112005734','黄荣森','pMq9Lj+ciXsEfBVE5TJs0A==','嵌入式系统实验','115','张小波',NULL,NULL,NULL,NULL,1),('3112005734','黄荣森','schnKW94AaApXDG5NOVBXw==','大学英语(1)','103','谢滔滔',NULL,NULL,NULL,NULL,1),('3112005734','黄荣森','sHI9vF/JXHGeEb+s+FJ2Cg==','现代移动通信技术','114','方毅',NULL,NULL,NULL,NULL,1),('3112005734','黄荣森','uE4sCJ723D8uzAT2vEYViA==','Java面向对象程序设计','113','刘敬勇',NULL,NULL,NULL,NULL,1),('3112005734','黄荣森','Yvwjj4b1eutjB0HQ4KQBIg==','大学英语(2)','103','谢滔滔',NULL,NULL,NULL,NULL,1),('3113001585','蔡文浩','52CgmGrgsdIhF12kG6wmbw==','微机原理及应用实验','102','王春茹',NULL,NULL,NULL,NULL,1),('3113001585','蔡文浩','7Cnpk7l+LKyAp2eueYlmzA==','计算机网络课程设计','116','刘洪涛',NULL,NULL,NULL,NULL,1),('3113001585','蔡文浩','addRP60OCky/8Egh84X46A==','高等数学A(1)','104','古伟清',NULL,NULL,NULL,NULL,1),('3113001585','蔡文浩','AwYQzmF3FYE8VwVVIPS9Kw==','离散数学','112','张钢',NULL,NULL,NULL,NULL,1),('3113001585','蔡文浩','eq9NcbxGmQZFdw8upGaKZg==','射频识别技术实验','117','高明琴',NULL,NULL,NULL,NULL,1),('3113001585','蔡文浩','FzmwwmAUrXglpecKLP1m6g==','软件工程C','111','李东',NULL,NULL,NULL,NULL,1),('3113001585','蔡文浩','HdGCF92iIMAcgzUjifvTMA==','物联网系统工程','110','蔡延光',NULL,NULL,NULL,NULL,1),('3113001585','蔡文浩','lx7xY+IvE2HyjVBbgZH9NQ==','嵌入式系统课程设计','115','张小波',NULL,NULL,NULL,NULL,1),('3113001585','蔡文浩','pMq9Lj+ciXsEfBVE5TJs0A==','嵌入式系统实验','115','张小波',NULL,NULL,NULL,NULL,1),('3113001585','蔡文浩','schnKW94AaApXDG5NOVBXw==','大学英语(1)','103','谢滔滔',NULL,NULL,NULL,NULL,1),('3113001585','蔡文浩','sHI9vF/JXHGeEb+s+FJ2Cg==','现代移动通信技术','114','方毅',NULL,NULL,NULL,NULL,1),('3113001585','蔡文浩','uE4sCJ723D8uzAT2vEYViA==','Java面向对象程序设计','113','刘敬勇',NULL,NULL,NULL,NULL,1),('3113001585','蔡文浩','Yvwjj4b1eutjB0HQ4KQBIg==','大学英语(2)','103','谢滔滔',NULL,NULL,NULL,NULL,1),('3113001586','陈的庚','52CgmGrgsdIhF12kG6wmbw==','微机原理及应用实验','102','王春茹',NULL,NULL,NULL,NULL,1),('3113001586','陈的庚','7Cnpk7l+LKyAp2eueYlmzA==','计算机网络课程设计','116','刘洪涛',NULL,NULL,NULL,NULL,1),('3113001586','陈的庚','addRP60OCky/8Egh84X46A==','高等数学A(1)','104','古伟清',NULL,NULL,NULL,NULL,1),('3113001586','陈的庚','AwYQzmF3FYE8VwVVIPS9Kw==','离散数学','112','张钢',NULL,NULL,NULL,NULL,1),('3113001586','陈的庚','eq9NcbxGmQZFdw8upGaKZg==','射频识别技术实验','117','高明琴',NULL,NULL,NULL,NULL,1),('3113001586','陈的庚','FzmwwmAUrXglpecKLP1m6g==','软件工程C','111','李东',NULL,NULL,NULL,NULL,1),('3113001586','陈的庚','HdGCF92iIMAcgzUjifvTMA==','物联网系统工程','110','蔡延光',NULL,NULL,NULL,NULL,1),('3113001586','陈的庚','lx7xY+IvE2HyjVBbgZH9NQ==','嵌入式系统课程设计','115','张小波',NULL,NULL,NULL,NULL,1),('3113001586','陈的庚','pMq9Lj+ciXsEfBVE5TJs0A==','嵌入式系统实验','115','张小波',NULL,NULL,NULL,NULL,1),('3113001586','陈的庚','schnKW94AaApXDG5NOVBXw==','大学英语(1)','103','谢滔滔',NULL,NULL,NULL,NULL,1),('3113001586','陈的庚','sHI9vF/JXHGeEb+s+FJ2Cg==','现代移动通信技术','114','方毅',NULL,NULL,NULL,NULL,1),('3113001586','陈的庚','uE4sCJ723D8uzAT2vEYViA==','Java面向对象程序设计','113','刘敬勇',NULL,NULL,NULL,NULL,1),('3113001586','陈的庚','Yvwjj4b1eutjB0HQ4KQBIg==','大学英语(2)','103','谢滔滔',NULL,NULL,NULL,NULL,1),('3113001587','陈浩光','52CgmGrgsdIhF12kG6wmbw==','微机原理及应用实验','102','王春茹',94,NULL,93,93,1),('3113001587','陈浩光','7Cnpk7l+LKyAp2eueYlmzA==','计算机网络课程设计','116','刘洪涛',NULL,NULL,NULL,NULL,1),('3113001587','陈浩光','addRP60OCky/8Egh84X46A==','高等数学A(1)','104','古伟清',NULL,NULL,NULL,NULL,1),('3113001587','陈浩光','AwYQzmF3FYE8VwVVIPS9Kw==','离散数学','112','张钢',NULL,NULL,NULL,NULL,1),('3113001587','陈浩光','eq9NcbxGmQZFdw8upGaKZg==','射频识别技术实验','117','高明琴',NULL,NULL,NULL,NULL,1),('3113001587','陈浩光','FzmwwmAUrXglpecKLP1m6g==','软件工程C','111','李东',NULL,NULL,NULL,NULL,1),('3113001587','陈浩光','HdGCF92iIMAcgzUjifvTMA==','物联网系统工程','110','蔡延光',NULL,NULL,NULL,NULL,1),('3113001587','陈浩光','lx7xY+IvE2HyjVBbgZH9NQ==','嵌入式系统课程设计','115','张小波',NULL,NULL,NULL,NULL,1),('3113001587','陈浩光','pMq9Lj+ciXsEfBVE5TJs0A==','嵌入式系统实验','115','张小波',NULL,NULL,NULL,NULL,1),('3113001587','陈浩光','schnKW94AaApXDG5NOVBXw==','大学英语(1)','103','谢滔滔',NULL,NULL,NULL,NULL,1),('3113001587','陈浩光','sHI9vF/JXHGeEb+s+FJ2Cg==','现代移动通信技术','114','方毅',NULL,NULL,NULL,NULL,1),('3113001587','陈浩光','uE4sCJ723D8uzAT2vEYViA==','Java面向对象程序设计','113','刘敬勇',NULL,NULL,NULL,NULL,1),('3113001587','陈浩光','Yvwjj4b1eutjB0HQ4KQBIg==','大学英语(2)','103','谢滔滔',NULL,NULL,NULL,NULL,1),('3113001588','陈俊洪','52CgmGrgsdIhF12kG6wmbw==','微机原理及应用实验','102','王春茹',NULL,NULL,NULL,NULL,1),('3113001588','陈俊洪','7Cnpk7l+LKyAp2eueYlmzA==','计算机网络课程设计','116','刘洪涛',NULL,NULL,NULL,NULL,1),('3113001588','陈俊洪','addRP60OCky/8Egh84X46A==','高等数学A(1)','104','古伟清',NULL,NULL,NULL,NULL,1),('3113001588','陈俊洪','AwYQzmF3FYE8VwVVIPS9Kw==','离散数学','112','张钢',NULL,NULL,NULL,NULL,1),('3113001588','陈俊洪','eq9NcbxGmQZFdw8upGaKZg==','射频识别技术实验','117','高明琴',NULL,NULL,NULL,NULL,1),('3113001588','陈俊洪','FzmwwmAUrXglpecKLP1m6g==','软件工程C','111','李东',NULL,NULL,NULL,NULL,1),('3113001588','陈俊洪','HdGCF92iIMAcgzUjifvTMA==','物联网系统工程','110','蔡延光',NULL,NULL,NULL,NULL,1),('3113001588','陈俊洪','lx7xY+IvE2HyjVBbgZH9NQ==','嵌入式系统课程设计','115','张小波',NULL,NULL,NULL,NULL,1),('3113001588','陈俊洪','pMq9Lj+ciXsEfBVE5TJs0A==','嵌入式系统实验','115','张小波',NULL,NULL,NULL,NULL,1),('3113001588','陈俊洪','schnKW94AaApXDG5NOVBXw==','大学英语(1)','103','谢滔滔',NULL,NULL,NULL,NULL,1),('3113001588','陈俊洪','sHI9vF/JXHGeEb+s+FJ2Cg==','现代移动通信技术','114','方毅',NULL,NULL,NULL,NULL,1),('3113001588','陈俊洪','uE4sCJ723D8uzAT2vEYViA==','Java面向对象程序设计','113','刘敬勇',NULL,NULL,NULL,NULL,1),('3113001588','陈俊洪','Yvwjj4b1eutjB0HQ4KQBIg==','大学英语(2)','103','谢滔滔',NULL,NULL,NULL,NULL,1),('3113001589','陈奇恒','52CgmGrgsdIhF12kG6wmbw==','微机原理及应用实验','102','王春茹',NULL,NULL,NULL,NULL,1),('3113001589','陈奇恒','7Cnpk7l+LKyAp2eueYlmzA==','计算机网络课程设计','116','刘洪涛',NULL,NULL,NULL,NULL,1),('3113001589','陈奇恒','addRP60OCky/8Egh84X46A==','高等数学A(1)','104','古伟清',NULL,NULL,NULL,NULL,1),('3113001589','陈奇恒','AwYQzmF3FYE8VwVVIPS9Kw==','离散数学','112','张钢',NULL,NULL,NULL,NULL,1),('3113001589','陈奇恒','eq9NcbxGmQZFdw8upGaKZg==','射频识别技术实验','117','高明琴',NULL,NULL,NULL,NULL,1),('3113001589','陈奇恒','FzmwwmAUrXglpecKLP1m6g==','软件工程C','111','李东',NULL,NULL,NULL,NULL,1),('3113001589','陈奇恒','HdGCF92iIMAcgzUjifvTMA==','物联网系统工程','110','蔡延光',NULL,NULL,NULL,NULL,1),('3113001589','陈奇恒','lx7xY+IvE2HyjVBbgZH9NQ==','嵌入式系统课程设计','115','张小波',NULL,NULL,NULL,NULL,1),('3113001589','陈奇恒','pMq9Lj+ciXsEfBVE5TJs0A==','嵌入式系统实验','115','张小波',NULL,NULL,NULL,NULL,1),('3113001589','陈奇恒','schnKW94AaApXDG5NOVBXw==','大学英语(1)','103','谢滔滔',NULL,NULL,NULL,NULL,1),('3113001589','陈奇恒','sHI9vF/JXHGeEb+s+FJ2Cg==','现代移动通信技术','114','方毅',NULL,NULL,NULL,NULL,1),('3113001589','陈奇恒','uE4sCJ723D8uzAT2vEYViA==','Java面向对象程序设计','113','刘敬勇',NULL,NULL,NULL,NULL,1),('3113001589','陈奇恒','Yvwjj4b1eutjB0HQ4KQBIg==','大学英语(2)','103','谢滔滔',NULL,NULL,NULL,NULL,1),('3113001590','陈群','52CgmGrgsdIhF12kG6wmbw==','微机原理及应用实验','102','王春茹',NULL,NULL,NULL,NULL,1),('3113001590','陈群','7Cnpk7l+LKyAp2eueYlmzA==','计算机网络课程设计','116','刘洪涛',NULL,NULL,NULL,NULL,1),('3113001590','陈群','addRP60OCky/8Egh84X46A==','高等数学A(1)','104','古伟清',NULL,NULL,NULL,NULL,1),('3113001590','陈群','AwYQzmF3FYE8VwVVIPS9Kw==','离散数学','112','张钢',NULL,NULL,NULL,NULL,1),('3113001590','陈群','eq9NcbxGmQZFdw8upGaKZg==','射频识别技术实验','117','高明琴',NULL,NULL,NULL,NULL,1),('3113001590','陈群','FzmwwmAUrXglpecKLP1m6g==','软件工程C','111','李东',NULL,NULL,NULL,NULL,1),('3113001590','陈群','HdGCF92iIMAcgzUjifvTMA==','物联网系统工程','110','蔡延光',NULL,NULL,NULL,NULL,1),('3113001590','陈群','lx7xY+IvE2HyjVBbgZH9NQ==','嵌入式系统课程设计','115','张小波',NULL,NULL,NULL,NULL,1),('3113001590','陈群','pMq9Lj+ciXsEfBVE5TJs0A==','嵌入式系统实验','115','张小波',NULL,NULL,NULL,NULL,1),('3113001590','陈群','schnKW94AaApXDG5NOVBXw==','大学英语(1)','103','谢滔滔',NULL,NULL,NULL,NULL,1),('3113001590','陈群','sHI9vF/JXHGeEb+s+FJ2Cg==','现代移动通信技术','114','方毅',NULL,NULL,NULL,NULL,1),('3113001590','陈群','uE4sCJ723D8uzAT2vEYViA==','Java面向对象程序设计','113','刘敬勇',NULL,NULL,NULL,NULL,1),('3113001590','陈群','Yvwjj4b1eutjB0HQ4KQBIg==','大学英语(2)','103','谢滔滔',NULL,NULL,NULL,NULL,1),('3113001591','陈晓俊','52CgmGrgsdIhF12kG6wmbw==','微机原理及应用实验','102','王春茹',NULL,NULL,NULL,NULL,1),('3113001591','陈晓俊','7Cnpk7l+LKyAp2eueYlmzA==','计算机网络课程设计','116','刘洪涛',NULL,NULL,NULL,NULL,1),('3113001591','陈晓俊','addRP60OCky/8Egh84X46A==','高等数学A(1)','104','古伟清',NULL,NULL,NULL,NULL,1),('3113001591','陈晓俊','AwYQzmF3FYE8VwVVIPS9Kw==','离散数学','112','张钢',NULL,NULL,NULL,NULL,1),('3113001591','陈晓俊','eq9NcbxGmQZFdw8upGaKZg==','射频识别技术实验','117','高明琴',NULL,NULL,NULL,NULL,1),('3113001591','陈晓俊','FzmwwmAUrXglpecKLP1m6g==','软件工程C','111','李东',NULL,NULL,NULL,NULL,1),('3113001591','陈晓俊','HdGCF92iIMAcgzUjifvTMA==','物联网系统工程','110','蔡延光',NULL,NULL,NULL,NULL,1),('3113001591','陈晓俊','lx7xY+IvE2HyjVBbgZH9NQ==','嵌入式系统课程设计','115','张小波',NULL,NULL,NULL,NULL,1),('3113001591','陈晓俊','pMq9Lj+ciXsEfBVE5TJs0A==','嵌入式系统实验','115','张小波',NULL,NULL,NULL,NULL,1),('3113001591','陈晓俊','schnKW94AaApXDG5NOVBXw==','大学英语(1)','103','谢滔滔',NULL,NULL,NULL,NULL,1),('3113001591','陈晓俊','sHI9vF/JXHGeEb+s+FJ2Cg==','现代移动通信技术','114','方毅',NULL,NULL,NULL,NULL,1),('3113001591','陈晓俊','uE4sCJ723D8uzAT2vEYViA==','Java面向对象程序设计','113','刘敬勇',NULL,NULL,NULL,NULL,1),('3113001591','陈晓俊','Yvwjj4b1eutjB0HQ4KQBIg==','大学英语(2)','103','谢滔滔',NULL,NULL,NULL,NULL,1),('3113001592','陈雨','52CgmGrgsdIhF12kG6wmbw==','微机原理及应用实验','102','王春茹',NULL,NULL,NULL,NULL,1),('3113001592','陈雨','7Cnpk7l+LKyAp2eueYlmzA==','计算机网络课程设计','116','刘洪涛',NULL,NULL,NULL,NULL,1),('3113001592','陈雨','addRP60OCky/8Egh84X46A==','高等数学A(1)','104','古伟清',NULL,NULL,NULL,NULL,1),('3113001592','陈雨','AwYQzmF3FYE8VwVVIPS9Kw==','离散数学','112','张钢',NULL,NULL,NULL,NULL,1),('3113001592','陈雨','eq9NcbxGmQZFdw8upGaKZg==','射频识别技术实验','117','高明琴',NULL,NULL,NULL,NULL,1),('3113001592','陈雨','FzmwwmAUrXglpecKLP1m6g==','软件工程C','111','李东',NULL,NULL,NULL,NULL,1),('3113001592','陈雨','HdGCF92iIMAcgzUjifvTMA==','物联网系统工程','110','蔡延光',NULL,NULL,NULL,NULL,1),('3113001592','陈雨','lx7xY+IvE2HyjVBbgZH9NQ==','嵌入式系统课程设计','115','张小波',NULL,NULL,NULL,NULL,1),('3113001592','陈雨','pMq9Lj+ciXsEfBVE5TJs0A==','嵌入式系统实验','115','张小波',NULL,NULL,NULL,NULL,1),('3113001592','陈雨','schnKW94AaApXDG5NOVBXw==','大学英语(1)','103','谢滔滔',NULL,NULL,NULL,NULL,1),('3113001592','陈雨','sHI9vF/JXHGeEb+s+FJ2Cg==','现代移动通信技术','114','方毅',NULL,NULL,NULL,NULL,1),('3113001592','陈雨','uE4sCJ723D8uzAT2vEYViA==','Java面向对象程序设计','113','刘敬勇',NULL,NULL,NULL,NULL,1),('3113001592','陈雨','Yvwjj4b1eutjB0HQ4KQBIg==','大学英语(2)','103','谢滔滔',NULL,NULL,NULL,NULL,1),('3113001593','陈志亨','52CgmGrgsdIhF12kG6wmbw==','微机原理及应用实验','102','王春茹',NULL,NULL,NULL,NULL,1),('3113001593','陈志亨','7Cnpk7l+LKyAp2eueYlmzA==','计算机网络课程设计','116','刘洪涛',NULL,NULL,NULL,NULL,1),('3113001593','陈志亨','addRP60OCky/8Egh84X46A==','高等数学A(1)','104','古伟清',NULL,NULL,NULL,NULL,1),('3113001593','陈志亨','AwYQzmF3FYE8VwVVIPS9Kw==','离散数学','112','张钢',NULL,NULL,NULL,NULL,1),('3113001593','陈志亨','eq9NcbxGmQZFdw8upGaKZg==','射频识别技术实验','117','高明琴',NULL,NULL,NULL,NULL,1),('3113001593','陈志亨','FzmwwmAUrXglpecKLP1m6g==','软件工程C','111','李东',NULL,NULL,NULL,NULL,1),('3113001593','陈志亨','HdGCF92iIMAcgzUjifvTMA==','物联网系统工程','110','蔡延光',NULL,NULL,NULL,NULL,1),('3113001593','陈志亨','lx7xY+IvE2HyjVBbgZH9NQ==','嵌入式系统课程设计','115','张小波',NULL,NULL,NULL,NULL,1),('3113001593','陈志亨','pMq9Lj+ciXsEfBVE5TJs0A==','嵌入式系统实验','115','张小波',NULL,NULL,NULL,NULL,1),('3113001593','陈志亨','schnKW94AaApXDG5NOVBXw==','大学英语(1)','103','谢滔滔',NULL,NULL,NULL,NULL,1),('3113001593','陈志亨','sHI9vF/JXHGeEb+s+FJ2Cg==','现代移动通信技术','114','方毅',NULL,NULL,NULL,NULL,1),('3113001593','陈志亨','uE4sCJ723D8uzAT2vEYViA==','Java面向对象程序设计','113','刘敬勇',NULL,NULL,NULL,NULL,1),('3113001593','陈志亨','Yvwjj4b1eutjB0HQ4KQBIg==','大学英语(2)','103','谢滔滔',NULL,NULL,NULL,NULL,1),('3113001594','陈志杰','52CgmGrgsdIhF12kG6wmbw==','微机原理及应用实验','102','王春茹',NULL,NULL,NULL,NULL,1),('3113001594','陈志杰','7Cnpk7l+LKyAp2eueYlmzA==','计算机网络课程设计','116','刘洪涛',NULL,NULL,NULL,NULL,1),('3113001594','陈志杰','addRP60OCky/8Egh84X46A==','高等数学A(1)','104','古伟清',NULL,NULL,NULL,NULL,1),('3113001594','陈志杰','AwYQzmF3FYE8VwVVIPS9Kw==','离散数学','112','张钢',NULL,NULL,NULL,NULL,1),('3113001594','陈志杰','eq9NcbxGmQZFdw8upGaKZg==','射频识别技术实验','117','高明琴',NULL,NULL,NULL,NULL,1),('3113001594','陈志杰','FzmwwmAUrXglpecKLP1m6g==','软件工程C','111','李东',NULL,NULL,NULL,NULL,1),('3113001594','陈志杰','HdGCF92iIMAcgzUjifvTMA==','物联网系统工程','110','蔡延光',NULL,NULL,NULL,NULL,1),('3113001594','陈志杰','lx7xY+IvE2HyjVBbgZH9NQ==','嵌入式系统课程设计','115','张小波',NULL,NULL,NULL,NULL,1),('3113001594','陈志杰','pMq9Lj+ciXsEfBVE5TJs0A==','嵌入式系统实验','115','张小波',NULL,NULL,NULL,NULL,1),('3113001594','陈志杰','schnKW94AaApXDG5NOVBXw==','大学英语(1)','103','谢滔滔',NULL,NULL,NULL,NULL,1),('3113001594','陈志杰','sHI9vF/JXHGeEb+s+FJ2Cg==','现代移动通信技术','114','方毅',NULL,NULL,NULL,NULL,1),('3113001594','陈志杰','uE4sCJ723D8uzAT2vEYViA==','Java面向对象程序设计','113','刘敬勇',NULL,NULL,NULL,NULL,1),('3113001594','陈志杰','Yvwjj4b1eutjB0HQ4KQBIg==','大学英语(2)','103','谢滔滔',NULL,NULL,NULL,NULL,1),('3113001595','陈子洋','52CgmGrgsdIhF12kG6wmbw==','微机原理及应用实验','102','王春茹',NULL,NULL,NULL,NULL,1),('3113001595','陈子洋','7Cnpk7l+LKyAp2eueYlmzA==','计算机网络课程设计','116','刘洪涛',NULL,NULL,NULL,NULL,1),('3113001595','陈子洋','addRP60OCky/8Egh84X46A==','高等数学A(1)','104','古伟清',NULL,NULL,NULL,NULL,1),('3113001595','陈子洋','AwYQzmF3FYE8VwVVIPS9Kw==','离散数学','112','张钢',NULL,NULL,NULL,NULL,1),('3113001595','陈子洋','eq9NcbxGmQZFdw8upGaKZg==','射频识别技术实验','117','高明琴',NULL,NULL,NULL,NULL,1),('3113001595','陈子洋','FzmwwmAUrXglpecKLP1m6g==','软件工程C','111','李东',NULL,NULL,NULL,NULL,1),('3113001595','陈子洋','HdGCF92iIMAcgzUjifvTMA==','物联网系统工程','110','蔡延光',NULL,NULL,NULL,NULL,1),('3113001595','陈子洋','lx7xY+IvE2HyjVBbgZH9NQ==','嵌入式系统课程设计','115','张小波',NULL,NULL,NULL,NULL,1),('3113001595','陈子洋','pMq9Lj+ciXsEfBVE5TJs0A==','嵌入式系统实验','115','张小波',NULL,NULL,NULL,NULL,1),('3113001595','陈子洋','schnKW94AaApXDG5NOVBXw==','大学英语(1)','103','谢滔滔',NULL,NULL,NULL,NULL,1),('3113001595','陈子洋','sHI9vF/JXHGeEb+s+FJ2Cg==','现代移动通信技术','114','方毅',NULL,NULL,NULL,NULL,1),('3113001595','陈子洋','uE4sCJ723D8uzAT2vEYViA==','Java面向对象程序设计','113','刘敬勇',NULL,NULL,NULL,NULL,1),('3113001595','陈子洋','Yvwjj4b1eutjB0HQ4KQBIg==','大学英语(2)','103','谢滔滔',NULL,NULL,NULL,NULL,1),('3113001596','邓子熙','52CgmGrgsdIhF12kG6wmbw==','微机原理及应用实验','102','王春茹',NULL,NULL,NULL,NULL,1),('3113001596','邓子熙','7Cnpk7l+LKyAp2eueYlmzA==','计算机网络课程设计','116','刘洪涛',NULL,NULL,NULL,NULL,1),('3113001596','邓子熙','addRP60OCky/8Egh84X46A==','高等数学A(1)','104','古伟清',NULL,NULL,NULL,NULL,1),('3113001596','邓子熙','AwYQzmF3FYE8VwVVIPS9Kw==','离散数学','112','张钢',NULL,NULL,NULL,NULL,1),('3113001596','邓子熙','eq9NcbxGmQZFdw8upGaKZg==','射频识别技术实验','117','高明琴',NULL,NULL,NULL,NULL,1),('3113001596','邓子熙','FzmwwmAUrXglpecKLP1m6g==','软件工程C','111','李东',NULL,NULL,NULL,NULL,1),('3113001596','邓子熙','HdGCF92iIMAcgzUjifvTMA==','物联网系统工程','110','蔡延光',NULL,NULL,NULL,NULL,1),('3113001596','邓子熙','lx7xY+IvE2HyjVBbgZH9NQ==','嵌入式系统课程设计','115','张小波',NULL,NULL,NULL,NULL,1),('3113001596','邓子熙','pMq9Lj+ciXsEfBVE5TJs0A==','嵌入式系统实验','115','张小波',NULL,NULL,NULL,NULL,1),('3113001596','邓子熙','schnKW94AaApXDG5NOVBXw==','大学英语(1)','103','谢滔滔',NULL,NULL,NULL,NULL,1),('3113001596','邓子熙','sHI9vF/JXHGeEb+s+FJ2Cg==','现代移动通信技术','114','方毅',NULL,NULL,NULL,NULL,1),('3113001596','邓子熙','uE4sCJ723D8uzAT2vEYViA==','Java面向对象程序设计','113','刘敬勇',NULL,NULL,NULL,NULL,1),('3113001596','邓子熙','Yvwjj4b1eutjB0HQ4KQBIg==','大学英语(2)','103','谢滔滔',NULL,NULL,NULL,NULL,1),('3113001597','丁校东','52CgmGrgsdIhF12kG6wmbw==','微机原理及应用实验','102','王春茹',NULL,NULL,NULL,NULL,1),('3113001597','丁校东','7Cnpk7l+LKyAp2eueYlmzA==','计算机网络课程设计','116','刘洪涛',NULL,NULL,NULL,NULL,1),('3113001597','丁校东','addRP60OCky/8Egh84X46A==','高等数学A(1)','104','古伟清',NULL,NULL,NULL,NULL,1),('3113001597','丁校东','AwYQzmF3FYE8VwVVIPS9Kw==','离散数学','112','张钢',NULL,NULL,NULL,NULL,1),('3113001597','丁校东','eq9NcbxGmQZFdw8upGaKZg==','射频识别技术实验','117','高明琴',NULL,NULL,NULL,NULL,1),('3113001597','丁校东','FzmwwmAUrXglpecKLP1m6g==','软件工程C','111','李东',NULL,NULL,NULL,NULL,1),('3113001597','丁校东','HdGCF92iIMAcgzUjifvTMA==','物联网系统工程','110','蔡延光',NULL,NULL,NULL,NULL,1),('3113001597','丁校东','lx7xY+IvE2HyjVBbgZH9NQ==','嵌入式系统课程设计','115','张小波',NULL,NULL,NULL,NULL,1),('3113001597','丁校东','pMq9Lj+ciXsEfBVE5TJs0A==','嵌入式系统实验','115','张小波',NULL,NULL,NULL,NULL,1),('3113001597','丁校东','schnKW94AaApXDG5NOVBXw==','大学英语(1)','103','谢滔滔',NULL,NULL,NULL,NULL,1),('3113001597','丁校东','sHI9vF/JXHGeEb+s+FJ2Cg==','现代移动通信技术','114','方毅',NULL,NULL,NULL,NULL,1),('3113001597','丁校东','uE4sCJ723D8uzAT2vEYViA==','Java面向对象程序设计','113','刘敬勇',NULL,NULL,NULL,NULL,1),('3113001597','丁校东','Yvwjj4b1eutjB0HQ4KQBIg==','大学英语(2)','103','谢滔滔',NULL,NULL,NULL,NULL,1),('3113001598','高永效','52CgmGrgsdIhF12kG6wmbw==','微机原理及应用实验','102','王春茹',NULL,NULL,NULL,NULL,1),('3113001598','高永效','7Cnpk7l+LKyAp2eueYlmzA==','计算机网络课程设计','116','刘洪涛',NULL,NULL,NULL,NULL,1),('3113001598','高永效','addRP60OCky/8Egh84X46A==','高等数学A(1)','104','古伟清',NULL,NULL,NULL,NULL,1),('3113001598','高永效','AwYQzmF3FYE8VwVVIPS9Kw==','离散数学','112','张钢',NULL,NULL,NULL,NULL,1),('3113001598','高永效','eq9NcbxGmQZFdw8upGaKZg==','射频识别技术实验','117','高明琴',NULL,NULL,NULL,NULL,1),('3113001598','高永效','FzmwwmAUrXglpecKLP1m6g==','软件工程C','111','李东',NULL,NULL,NULL,NULL,1),('3113001598','高永效','HdGCF92iIMAcgzUjifvTMA==','物联网系统工程','110','蔡延光',NULL,NULL,NULL,NULL,1),('3113001598','高永效','lx7xY+IvE2HyjVBbgZH9NQ==','嵌入式系统课程设计','115','张小波',NULL,NULL,NULL,NULL,1),('3113001598','高永效','pMq9Lj+ciXsEfBVE5TJs0A==','嵌入式系统实验','115','张小波',NULL,NULL,NULL,NULL,1),('3113001598','高永效','schnKW94AaApXDG5NOVBXw==','大学英语(1)','103','谢滔滔',NULL,NULL,NULL,NULL,1),('3113001598','高永效','sHI9vF/JXHGeEb+s+FJ2Cg==','现代移动通信技术','114','方毅',NULL,NULL,NULL,NULL,1),('3113001598','高永效','uE4sCJ723D8uzAT2vEYViA==','Java面向对象程序设计','113','刘敬勇',NULL,NULL,NULL,NULL,1),('3113001598','高永效','Yvwjj4b1eutjB0HQ4KQBIg==','大学英语(2)','103','谢滔滔',NULL,NULL,NULL,NULL,1),('3113001599','管金水','52CgmGrgsdIhF12kG6wmbw==','微机原理及应用实验','102','王春茹',NULL,NULL,NULL,NULL,1),('3113001599','管金水','7Cnpk7l+LKyAp2eueYlmzA==','计算机网络课程设计','116','刘洪涛',NULL,NULL,NULL,NULL,1),('3113001599','管金水','addRP60OCky/8Egh84X46A==','高等数学A(1)','104','古伟清',NULL,NULL,NULL,NULL,1),('3113001599','管金水','AwYQzmF3FYE8VwVVIPS9Kw==','离散数学','112','张钢',NULL,NULL,NULL,NULL,1),('3113001599','管金水','eq9NcbxGmQZFdw8upGaKZg==','射频识别技术实验','117','高明琴',NULL,NULL,NULL,NULL,1),('3113001599','管金水','FzmwwmAUrXglpecKLP1m6g==','软件工程C','111','李东',NULL,NULL,NULL,NULL,1),('3113001599','管金水','HdGCF92iIMAcgzUjifvTMA==','物联网系统工程','110','蔡延光',NULL,NULL,NULL,NULL,1),('3113001599','管金水','lx7xY+IvE2HyjVBbgZH9NQ==','嵌入式系统课程设计','115','张小波',NULL,NULL,NULL,NULL,1),('3113001599','管金水','pMq9Lj+ciXsEfBVE5TJs0A==','嵌入式系统实验','115','张小波',NULL,NULL,NULL,NULL,1),('3113001599','管金水','schnKW94AaApXDG5NOVBXw==','大学英语(1)','103','谢滔滔',NULL,NULL,NULL,NULL,1),('3113001599','管金水','sHI9vF/JXHGeEb+s+FJ2Cg==','现代移动通信技术','114','方毅',NULL,NULL,NULL,NULL,1),('3113001599','管金水','uE4sCJ723D8uzAT2vEYViA==','Java面向对象程序设计','113','刘敬勇',NULL,NULL,NULL,NULL,1),('3113001599','管金水','Yvwjj4b1eutjB0HQ4KQBIg==','大学英语(2)','103','谢滔滔',NULL,NULL,NULL,NULL,1),('3113001600','郭冬青','52CgmGrgsdIhF12kG6wmbw==','微机原理及应用实验','102','王春茹',NULL,NULL,NULL,NULL,1),('3113001600','郭冬青','7Cnpk7l+LKyAp2eueYlmzA==','计算机网络课程设计','116','刘洪涛',NULL,NULL,NULL,NULL,1),('3113001600','郭冬青','addRP60OCky/8Egh84X46A==','高等数学A(1)','104','古伟清',NULL,NULL,NULL,NULL,1),('3113001600','郭冬青','AwYQzmF3FYE8VwVVIPS9Kw==','离散数学','112','张钢',NULL,NULL,NULL,NULL,1),('3113001600','郭冬青','eq9NcbxGmQZFdw8upGaKZg==','射频识别技术实验','117','高明琴',NULL,NULL,NULL,NULL,1),('3113001600','郭冬青','FzmwwmAUrXglpecKLP1m6g==','软件工程C','111','李东',NULL,NULL,NULL,NULL,1),('3113001600','郭冬青','HdGCF92iIMAcgzUjifvTMA==','物联网系统工程','110','蔡延光',NULL,NULL,NULL,NULL,1),('3113001600','郭冬青','lx7xY+IvE2HyjVBbgZH9NQ==','嵌入式系统课程设计','115','张小波',NULL,NULL,NULL,NULL,1),('3113001600','郭冬青','pMq9Lj+ciXsEfBVE5TJs0A==','嵌入式系统实验','115','张小波',NULL,NULL,NULL,NULL,1),('3113001600','郭冬青','schnKW94AaApXDG5NOVBXw==','大学英语(1)','103','谢滔滔',NULL,NULL,NULL,NULL,1),('3113001600','郭冬青','sHI9vF/JXHGeEb+s+FJ2Cg==','现代移动通信技术','114','方毅',NULL,NULL,NULL,NULL,1),('3113001600','郭冬青','uE4sCJ723D8uzAT2vEYViA==','Java面向对象程序设计','113','刘敬勇',NULL,NULL,NULL,NULL,1),('3113001600','郭冬青','Yvwjj4b1eutjB0HQ4KQBIg==','大学英语(2)','103','谢滔滔',NULL,NULL,NULL,NULL,1),('3113001601','郭小聪','52CgmGrgsdIhF12kG6wmbw==','微机原理及应用实验','102','王春茹',NULL,NULL,NULL,NULL,1),('3113001601','郭小聪','7Cnpk7l+LKyAp2eueYlmzA==','计算机网络课程设计','116','刘洪涛',NULL,NULL,NULL,NULL,1),('3113001601','郭小聪','addRP60OCky/8Egh84X46A==','高等数学A(1)','104','古伟清',NULL,NULL,NULL,NULL,1),('3113001601','郭小聪','AwYQzmF3FYE8VwVVIPS9Kw==','离散数学','112','张钢',NULL,NULL,NULL,NULL,1),('3113001601','郭小聪','eq9NcbxGmQZFdw8upGaKZg==','射频识别技术实验','117','高明琴',NULL,NULL,NULL,NULL,1),('3113001601','郭小聪','FzmwwmAUrXglpecKLP1m6g==','软件工程C','111','李东',NULL,NULL,NULL,NULL,1),('3113001601','郭小聪','HdGCF92iIMAcgzUjifvTMA==','物联网系统工程','110','蔡延光',NULL,NULL,NULL,NULL,1),('3113001601','郭小聪','lx7xY+IvE2HyjVBbgZH9NQ==','嵌入式系统课程设计','115','张小波',NULL,NULL,NULL,NULL,1),('3113001601','郭小聪','pMq9Lj+ciXsEfBVE5TJs0A==','嵌入式系统实验','115','张小波',NULL,NULL,NULL,NULL,1),('3113001601','郭小聪','schnKW94AaApXDG5NOVBXw==','大学英语(1)','103','谢滔滔',NULL,NULL,NULL,NULL,1),('3113001601','郭小聪','sHI9vF/JXHGeEb+s+FJ2Cg==','现代移动通信技术','114','方毅',NULL,NULL,NULL,NULL,1),('3113001601','郭小聪','uE4sCJ723D8uzAT2vEYViA==','Java面向对象程序设计','113','刘敬勇',NULL,NULL,NULL,NULL,1),('3113001601','郭小聪','Yvwjj4b1eutjB0HQ4KQBIg==','大学英语(2)','103','谢滔滔',NULL,NULL,NULL,NULL,1),('3113001602','何伟杰','52CgmGrgsdIhF12kG6wmbw==','微机原理及应用实验','102','王春茹',NULL,NULL,NULL,NULL,1),('3113001602','何伟杰','7Cnpk7l+LKyAp2eueYlmzA==','计算机网络课程设计','116','刘洪涛',NULL,NULL,NULL,NULL,1),('3113001602','何伟杰','addRP60OCky/8Egh84X46A==','高等数学A(1)','104','古伟清',NULL,NULL,NULL,NULL,1),('3113001602','何伟杰','AwYQzmF3FYE8VwVVIPS9Kw==','离散数学','112','张钢',NULL,NULL,NULL,NULL,1),('3113001602','何伟杰','eq9NcbxGmQZFdw8upGaKZg==','射频识别技术实验','117','高明琴',NULL,NULL,NULL,NULL,1),('3113001602','何伟杰','FzmwwmAUrXglpecKLP1m6g==','软件工程C','111','李东',NULL,NULL,NULL,NULL,1),('3113001602','何伟杰','HdGCF92iIMAcgzUjifvTMA==','物联网系统工程','110','蔡延光',NULL,NULL,NULL,NULL,1),('3113001602','何伟杰','lx7xY+IvE2HyjVBbgZH9NQ==','嵌入式系统课程设计','115','张小波',NULL,NULL,NULL,NULL,1),('3113001602','何伟杰','pMq9Lj+ciXsEfBVE5TJs0A==','嵌入式系统实验','115','张小波',NULL,NULL,NULL,NULL,1),('3113001602','何伟杰','schnKW94AaApXDG5NOVBXw==','大学英语(1)','103','谢滔滔',NULL,NULL,NULL,NULL,1),('3113001602','何伟杰','sHI9vF/JXHGeEb+s+FJ2Cg==','现代移动通信技术','114','方毅',NULL,NULL,NULL,NULL,1),('3113001602','何伟杰','uE4sCJ723D8uzAT2vEYViA==','Java面向对象程序设计','113','刘敬勇',NULL,NULL,NULL,NULL,1),('3113001602','何伟杰','Yvwjj4b1eutjB0HQ4KQBIg==','大学英语(2)','103','谢滔滔',NULL,NULL,NULL,NULL,1),('3113001603','黄浩霖','52CgmGrgsdIhF12kG6wmbw==','微机原理及应用实验','102','王春茹',NULL,NULL,NULL,NULL,1),('3113001603','黄浩霖','7Cnpk7l+LKyAp2eueYlmzA==','计算机网络课程设计','116','刘洪涛',NULL,NULL,NULL,NULL,1),('3113001603','黄浩霖','addRP60OCky/8Egh84X46A==','高等数学A(1)','104','古伟清',NULL,NULL,NULL,NULL,1),('3113001603','黄浩霖','AwYQzmF3FYE8VwVVIPS9Kw==','离散数学','112','张钢',NULL,NULL,NULL,NULL,1),('3113001603','黄浩霖','eq9NcbxGmQZFdw8upGaKZg==','射频识别技术实验','117','高明琴',NULL,NULL,NULL,NULL,1),('3113001603','黄浩霖','FzmwwmAUrXglpecKLP1m6g==','软件工程C','111','李东',NULL,NULL,NULL,NULL,1),('3113001603','黄浩霖','HdGCF92iIMAcgzUjifvTMA==','物联网系统工程','110','蔡延光',NULL,NULL,NULL,NULL,1),('3113001603','黄浩霖','lx7xY+IvE2HyjVBbgZH9NQ==','嵌入式系统课程设计','115','张小波',NULL,NULL,NULL,NULL,1),('3113001603','黄浩霖','pMq9Lj+ciXsEfBVE5TJs0A==','嵌入式系统实验','115','张小波',NULL,NULL,NULL,NULL,1),('3113001603','黄浩霖','schnKW94AaApXDG5NOVBXw==','大学英语(1)','103','谢滔滔',NULL,NULL,NULL,NULL,1),('3113001603','黄浩霖','sHI9vF/JXHGeEb+s+FJ2Cg==','现代移动通信技术','114','方毅',NULL,NULL,NULL,NULL,1),('3113001603','黄浩霖','uE4sCJ723D8uzAT2vEYViA==','Java面向对象程序设计','113','刘敬勇',NULL,NULL,NULL,NULL,1),('3113001603','黄浩霖','Yvwjj4b1eutjB0HQ4KQBIg==','大学英语(2)','103','谢滔滔',NULL,NULL,NULL,NULL,1),('3113001604','黄俊魁','52CgmGrgsdIhF12kG6wmbw==','微机原理及应用实验','102','王春茹',NULL,NULL,NULL,NULL,1),('3113001604','黄俊魁','7Cnpk7l+LKyAp2eueYlmzA==','计算机网络课程设计','116','刘洪涛',NULL,NULL,NULL,NULL,1),('3113001604','黄俊魁','addRP60OCky/8Egh84X46A==','高等数学A(1)','104','古伟清',NULL,NULL,NULL,NULL,1),('3113001604','黄俊魁','AwYQzmF3FYE8VwVVIPS9Kw==','离散数学','112','张钢',NULL,NULL,NULL,NULL,1),('3113001604','黄俊魁','eq9NcbxGmQZFdw8upGaKZg==','射频识别技术实验','117','高明琴',NULL,NULL,NULL,NULL,1),('3113001604','黄俊魁','FzmwwmAUrXglpecKLP1m6g==','软件工程C','111','李东',NULL,NULL,NULL,NULL,1),('3113001604','黄俊魁','HdGCF92iIMAcgzUjifvTMA==','物联网系统工程','110','蔡延光',NULL,NULL,NULL,NULL,1),('3113001604','黄俊魁','lx7xY+IvE2HyjVBbgZH9NQ==','嵌入式系统课程设计','115','张小波',NULL,NULL,NULL,NULL,1),('3113001604','黄俊魁','pMq9Lj+ciXsEfBVE5TJs0A==','嵌入式系统实验','115','张小波',NULL,NULL,NULL,NULL,1),('3113001604','黄俊魁','schnKW94AaApXDG5NOVBXw==','大学英语(1)','103','谢滔滔',NULL,NULL,NULL,NULL,1),('3113001604','黄俊魁','sHI9vF/JXHGeEb+s+FJ2Cg==','现代移动通信技术','114','方毅',NULL,NULL,NULL,NULL,1),('3113001604','黄俊魁','uE4sCJ723D8uzAT2vEYViA==','Java面向对象程序设计','113','刘敬勇',NULL,NULL,NULL,NULL,1),('3113001604','黄俊魁','Yvwjj4b1eutjB0HQ4KQBIg==','大学英语(2)','103','谢滔滔',NULL,NULL,NULL,NULL,1),('3113001605','黄思博','52CgmGrgsdIhF12kG6wmbw==','微机原理及应用实验','102','王春茹',NULL,NULL,NULL,NULL,1),('3113001605','黄思博','7Cnpk7l+LKyAp2eueYlmzA==','计算机网络课程设计','116','刘洪涛',NULL,NULL,NULL,NULL,1),('3113001605','黄思博','addRP60OCky/8Egh84X46A==','高等数学A(1)','104','古伟清',NULL,NULL,NULL,NULL,1),('3113001605','黄思博','AwYQzmF3FYE8VwVVIPS9Kw==','离散数学','112','张钢',NULL,NULL,NULL,NULL,1),('3113001605','黄思博','eq9NcbxGmQZFdw8upGaKZg==','射频识别技术实验','117','高明琴',NULL,NULL,NULL,NULL,1),('3113001605','黄思博','FzmwwmAUrXglpecKLP1m6g==','软件工程C','111','李东',NULL,NULL,NULL,NULL,1),('3113001605','黄思博','HdGCF92iIMAcgzUjifvTMA==','物联网系统工程','110','蔡延光',NULL,NULL,NULL,NULL,1),('3113001605','黄思博','lx7xY+IvE2HyjVBbgZH9NQ==','嵌入式系统课程设计','115','张小波',NULL,NULL,NULL,NULL,1),('3113001605','黄思博','pMq9Lj+ciXsEfBVE5TJs0A==','嵌入式系统实验','115','张小波',NULL,NULL,NULL,NULL,1),('3113001605','黄思博','schnKW94AaApXDG5NOVBXw==','大学英语(1)','103','谢滔滔',NULL,NULL,NULL,NULL,1),('3113001605','黄思博','sHI9vF/JXHGeEb+s+FJ2Cg==','现代移动通信技术','114','方毅',NULL,NULL,NULL,NULL,1),('3113001605','黄思博','uE4sCJ723D8uzAT2vEYViA==','Java面向对象程序设计','113','刘敬勇',NULL,NULL,NULL,NULL,1),('3113001605','黄思博','Yvwjj4b1eutjB0HQ4KQBIg==','大学英语(2)','103','谢滔滔',NULL,NULL,NULL,NULL,1),('3113001606','黄晓铭','52CgmGrgsdIhF12kG6wmbw==','微机原理及应用实验','102','王春茹',NULL,NULL,NULL,NULL,1),('3113001606','黄晓铭','7Cnpk7l+LKyAp2eueYlmzA==','计算机网络课程设计','116','刘洪涛',NULL,NULL,NULL,NULL,1),('3113001606','黄晓铭','addRP60OCky/8Egh84X46A==','高等数学A(1)','104','古伟清',NULL,NULL,NULL,NULL,1),('3113001606','黄晓铭','AwYQzmF3FYE8VwVVIPS9Kw==','离散数学','112','张钢',NULL,NULL,NULL,NULL,1),('3113001606','黄晓铭','eq9NcbxGmQZFdw8upGaKZg==','射频识别技术实验','117','高明琴',NULL,NULL,NULL,NULL,1),('3113001606','黄晓铭','FzmwwmAUrXglpecKLP1m6g==','软件工程C','111','李东',NULL,NULL,NULL,NULL,1),('3113001606','黄晓铭','HdGCF92iIMAcgzUjifvTMA==','物联网系统工程','110','蔡延光',NULL,NULL,NULL,NULL,1),('3113001606','黄晓铭','lx7xY+IvE2HyjVBbgZH9NQ==','嵌入式系统课程设计','115','张小波',NULL,NULL,NULL,NULL,1),('3113001606','黄晓铭','pMq9Lj+ciXsEfBVE5TJs0A==','嵌入式系统实验','115','张小波',NULL,NULL,NULL,NULL,1),('3113001606','黄晓铭','schnKW94AaApXDG5NOVBXw==','大学英语(1)','103','谢滔滔',NULL,NULL,NULL,NULL,1),('3113001606','黄晓铭','sHI9vF/JXHGeEb+s+FJ2Cg==','现代移动通信技术','114','方毅',NULL,NULL,NULL,NULL,1),('3113001606','黄晓铭','uE4sCJ723D8uzAT2vEYViA==','Java面向对象程序设计','113','刘敬勇',NULL,NULL,NULL,NULL,1),('3113001606','黄晓铭','Yvwjj4b1eutjB0HQ4KQBIg==','大学英语(2)','103','谢滔滔',NULL,NULL,NULL,NULL,1),('3113001607','黄志鹏','52CgmGrgsdIhF12kG6wmbw==','微机原理及应用实验','102','王春茹',NULL,NULL,NULL,NULL,1),('3113001607','黄志鹏','7Cnpk7l+LKyAp2eueYlmzA==','计算机网络课程设计','116','刘洪涛',NULL,NULL,NULL,NULL,1),('3113001607','黄志鹏','addRP60OCky/8Egh84X46A==','高等数学A(1)','104','古伟清',NULL,NULL,NULL,NULL,1),('3113001607','黄志鹏','AwYQzmF3FYE8VwVVIPS9Kw==','离散数学','112','张钢',NULL,NULL,NULL,NULL,1),('3113001607','黄志鹏','eq9NcbxGmQZFdw8upGaKZg==','射频识别技术实验','117','高明琴',NULL,NULL,NULL,NULL,1),('3113001607','黄志鹏','FzmwwmAUrXglpecKLP1m6g==','软件工程C','111','李东',NULL,NULL,NULL,NULL,1),('3113001607','黄志鹏','HdGCF92iIMAcgzUjifvTMA==','物联网系统工程','110','蔡延光',NULL,NULL,NULL,NULL,1),('3113001607','黄志鹏','lx7xY+IvE2HyjVBbgZH9NQ==','嵌入式系统课程设计','115','张小波',NULL,NULL,NULL,NULL,1),('3113001607','黄志鹏','pMq9Lj+ciXsEfBVE5TJs0A==','嵌入式系统实验','115','张小波',NULL,NULL,NULL,NULL,1),('3113001607','黄志鹏','schnKW94AaApXDG5NOVBXw==','大学英语(1)','103','谢滔滔',NULL,NULL,NULL,NULL,1),('3113001607','黄志鹏','sHI9vF/JXHGeEb+s+FJ2Cg==','现代移动通信技术','114','方毅',NULL,NULL,NULL,NULL,1),('3113001607','黄志鹏','uE4sCJ723D8uzAT2vEYViA==','Java面向对象程序设计','113','刘敬勇',NULL,NULL,NULL,NULL,1),('3113001607','黄志鹏','Yvwjj4b1eutjB0HQ4KQBIg==','大学英语(2)','103','谢滔滔',NULL,NULL,NULL,NULL,1),('3113001608','黎泽斌','52CgmGrgsdIhF12kG6wmbw==','微机原理及应用实验','102','王春茹',NULL,NULL,NULL,NULL,1),('3113001608','黎泽斌','7Cnpk7l+LKyAp2eueYlmzA==','计算机网络课程设计','116','刘洪涛',NULL,NULL,NULL,NULL,1),('3113001608','黎泽斌','addRP60OCky/8Egh84X46A==','高等数学A(1)','104','古伟清',NULL,NULL,NULL,NULL,1),('3113001608','黎泽斌','AwYQzmF3FYE8VwVVIPS9Kw==','离散数学','112','张钢',NULL,NULL,NULL,NULL,1),('3113001608','黎泽斌','eq9NcbxGmQZFdw8upGaKZg==','射频识别技术实验','117','高明琴',NULL,NULL,NULL,NULL,1),('3113001608','黎泽斌','FzmwwmAUrXglpecKLP1m6g==','软件工程C','111','李东',NULL,NULL,NULL,NULL,1),('3113001608','黎泽斌','HdGCF92iIMAcgzUjifvTMA==','物联网系统工程','110','蔡延光',NULL,NULL,NULL,NULL,1),('3113001608','黎泽斌','lx7xY+IvE2HyjVBbgZH9NQ==','嵌入式系统课程设计','115','张小波',NULL,NULL,NULL,NULL,1),('3113001608','黎泽斌','pMq9Lj+ciXsEfBVE5TJs0A==','嵌入式系统实验','115','张小波',NULL,NULL,NULL,NULL,1),('3113001608','黎泽斌','schnKW94AaApXDG5NOVBXw==','大学英语(1)','103','谢滔滔',NULL,NULL,NULL,NULL,1),('3113001608','黎泽斌','sHI9vF/JXHGeEb+s+FJ2Cg==','现代移动通信技术','114','方毅',NULL,NULL,NULL,NULL,1),('3113001608','黎泽斌','uE4sCJ723D8uzAT2vEYViA==','Java面向对象程序设计','113','刘敬勇',NULL,NULL,NULL,NULL,1),('3113001608','黎泽斌','Yvwjj4b1eutjB0HQ4KQBIg==','大学英语(2)','103','谢滔滔',NULL,NULL,NULL,NULL,1),('3113001609','李俊潮','52CgmGrgsdIhF12kG6wmbw==','微机原理及应用实验','102','王春茹',NULL,NULL,NULL,NULL,1),('3113001609','李俊潮','7Cnpk7l+LKyAp2eueYlmzA==','计算机网络课程设计','116','刘洪涛',NULL,NULL,NULL,NULL,1),('3113001609','李俊潮','addRP60OCky/8Egh84X46A==','高等数学A(1)','104','古伟清',NULL,NULL,NULL,NULL,1),('3113001609','李俊潮','AwYQzmF3FYE8VwVVIPS9Kw==','离散数学','112','张钢',NULL,NULL,NULL,NULL,1),('3113001609','李俊潮','eq9NcbxGmQZFdw8upGaKZg==','射频识别技术实验','117','高明琴',NULL,NULL,NULL,NULL,1),('3113001609','李俊潮','FzmwwmAUrXglpecKLP1m6g==','软件工程C','111','李东',NULL,NULL,NULL,NULL,1),('3113001609','李俊潮','HdGCF92iIMAcgzUjifvTMA==','物联网系统工程','110','蔡延光',NULL,NULL,NULL,NULL,1),('3113001609','李俊潮','lx7xY+IvE2HyjVBbgZH9NQ==','嵌入式系统课程设计','115','张小波',NULL,NULL,NULL,NULL,1),('3113001609','李俊潮','pMq9Lj+ciXsEfBVE5TJs0A==','嵌入式系统实验','115','张小波',NULL,NULL,NULL,NULL,1),('3113001609','李俊潮','schnKW94AaApXDG5NOVBXw==','大学英语(1)','103','谢滔滔',NULL,NULL,NULL,NULL,1),('3113001609','李俊潮','sHI9vF/JXHGeEb+s+FJ2Cg==','现代移动通信技术','114','方毅',NULL,NULL,NULL,NULL,1),('3113001609','李俊潮','uE4sCJ723D8uzAT2vEYViA==','Java面向对象程序设计','113','刘敬勇',NULL,NULL,NULL,NULL,1),('3113001609','李俊潮','Yvwjj4b1eutjB0HQ4KQBIg==','大学英语(2)','103','谢滔滔',NULL,NULL,NULL,NULL,1),('3113001610','廖政达','52CgmGrgsdIhF12kG6wmbw==','微机原理及应用实验','102','王春茹',NULL,NULL,NULL,NULL,1),('3113001610','廖政达','7Cnpk7l+LKyAp2eueYlmzA==','计算机网络课程设计','116','刘洪涛',NULL,NULL,NULL,NULL,1),('3113001610','廖政达','addRP60OCky/8Egh84X46A==','高等数学A(1)','104','古伟清',NULL,NULL,NULL,NULL,1),('3113001610','廖政达','AwYQzmF3FYE8VwVVIPS9Kw==','离散数学','112','张钢',NULL,NULL,NULL,NULL,1),('3113001610','廖政达','eq9NcbxGmQZFdw8upGaKZg==','射频识别技术实验','117','高明琴',NULL,NULL,NULL,NULL,1),('3113001610','廖政达','FzmwwmAUrXglpecKLP1m6g==','软件工程C','111','李东',NULL,NULL,NULL,NULL,1),('3113001610','廖政达','HdGCF92iIMAcgzUjifvTMA==','物联网系统工程','110','蔡延光',NULL,NULL,NULL,NULL,1),('3113001610','廖政达','lx7xY+IvE2HyjVBbgZH9NQ==','嵌入式系统课程设计','115','张小波',NULL,NULL,NULL,NULL,1),('3113001610','廖政达','pMq9Lj+ciXsEfBVE5TJs0A==','嵌入式系统实验','115','张小波',NULL,NULL,NULL,NULL,1),('3113001610','廖政达','schnKW94AaApXDG5NOVBXw==','大学英语(1)','103','谢滔滔',NULL,NULL,NULL,NULL,1),('3113001610','廖政达','sHI9vF/JXHGeEb+s+FJ2Cg==','现代移动通信技术','114','方毅',NULL,NULL,NULL,NULL,1),('3113001610','廖政达','uE4sCJ723D8uzAT2vEYViA==','Java面向对象程序设计','113','刘敬勇',NULL,NULL,NULL,NULL,1),('3113001610','廖政达','Yvwjj4b1eutjB0HQ4KQBIg==','大学英语(2)','103','谢滔滔',NULL,NULL,NULL,NULL,1),('3113001611','林国亮','52CgmGrgsdIhF12kG6wmbw==','微机原理及应用实验','102','王春茹',NULL,NULL,NULL,NULL,1),('3113001611','林国亮','7Cnpk7l+LKyAp2eueYlmzA==','计算机网络课程设计','116','刘洪涛',NULL,NULL,NULL,NULL,1),('3113001611','林国亮','addRP60OCky/8Egh84X46A==','高等数学A(1)','104','古伟清',NULL,NULL,NULL,NULL,1),('3113001611','林国亮','AwYQzmF3FYE8VwVVIPS9Kw==','离散数学','112','张钢',NULL,NULL,NULL,NULL,1),('3113001611','林国亮','eq9NcbxGmQZFdw8upGaKZg==','射频识别技术实验','117','高明琴',NULL,NULL,NULL,NULL,1),('3113001611','林国亮','FzmwwmAUrXglpecKLP1m6g==','软件工程C','111','李东',NULL,NULL,NULL,NULL,1),('3113001611','林国亮','HdGCF92iIMAcgzUjifvTMA==','物联网系统工程','110','蔡延光',NULL,NULL,NULL,NULL,1),('3113001611','林国亮','lx7xY+IvE2HyjVBbgZH9NQ==','嵌入式系统课程设计','115','张小波',NULL,NULL,NULL,NULL,1),('3113001611','林国亮','pMq9Lj+ciXsEfBVE5TJs0A==','嵌入式系统实验','115','张小波',NULL,NULL,NULL,NULL,1),('3113001611','林国亮','schnKW94AaApXDG5NOVBXw==','大学英语(1)','103','谢滔滔',NULL,NULL,NULL,NULL,1),('3113001611','林国亮','sHI9vF/JXHGeEb+s+FJ2Cg==','现代移动通信技术','114','方毅',NULL,NULL,NULL,NULL,1),('3113001611','林国亮','uE4sCJ723D8uzAT2vEYViA==','Java面向对象程序设计','113','刘敬勇',NULL,NULL,NULL,NULL,1),('3113001611','林国亮','Yvwjj4b1eutjB0HQ4KQBIg==','大学英语(2)','103','谢滔滔',NULL,NULL,NULL,NULL,1),('3113001612','林海艺','52CgmGrgsdIhF12kG6wmbw==','微机原理及应用实验','102','王春茹',NULL,NULL,NULL,NULL,1),('3113001612','林海艺','7Cnpk7l+LKyAp2eueYlmzA==','计算机网络课程设计','116','刘洪涛',NULL,NULL,NULL,NULL,1),('3113001612','林海艺','addRP60OCky/8Egh84X46A==','高等数学A(1)','104','古伟清',NULL,NULL,NULL,NULL,1),('3113001612','林海艺','AwYQzmF3FYE8VwVVIPS9Kw==','离散数学','112','张钢',NULL,NULL,NULL,NULL,1),('3113001612','林海艺','eq9NcbxGmQZFdw8upGaKZg==','射频识别技术实验','117','高明琴',NULL,NULL,NULL,NULL,1),('3113001612','林海艺','FzmwwmAUrXglpecKLP1m6g==','软件工程C','111','李东',NULL,NULL,NULL,NULL,1),('3113001612','林海艺','HdGCF92iIMAcgzUjifvTMA==','物联网系统工程','110','蔡延光',NULL,NULL,NULL,NULL,1),('3113001612','林海艺','lx7xY+IvE2HyjVBbgZH9NQ==','嵌入式系统课程设计','115','张小波',NULL,NULL,NULL,NULL,1),('3113001612','林海艺','pMq9Lj+ciXsEfBVE5TJs0A==','嵌入式系统实验','115','张小波',NULL,NULL,NULL,NULL,1),('3113001612','林海艺','schnKW94AaApXDG5NOVBXw==','大学英语(1)','103','谢滔滔',NULL,NULL,NULL,NULL,1),('3113001612','林海艺','sHI9vF/JXHGeEb+s+FJ2Cg==','现代移动通信技术','114','方毅',NULL,NULL,NULL,NULL,1),('3113001612','林海艺','uE4sCJ723D8uzAT2vEYViA==','Java面向对象程序设计','113','刘敬勇',NULL,NULL,NULL,NULL,1),('3113001612','林海艺','Yvwjj4b1eutjB0HQ4KQBIg==','大学英语(2)','103','谢滔滔',NULL,NULL,NULL,NULL,1),('3113001613','林丽水','52CgmGrgsdIhF12kG6wmbw==','微机原理及应用实验','102','王春茹',NULL,NULL,NULL,NULL,1),('3113001613','林丽水','7Cnpk7l+LKyAp2eueYlmzA==','计算机网络课程设计','116','刘洪涛',NULL,NULL,NULL,NULL,1),('3113001613','林丽水','addRP60OCky/8Egh84X46A==','高等数学A(1)','104','古伟清',NULL,NULL,NULL,NULL,1),('3113001613','林丽水','AwYQzmF3FYE8VwVVIPS9Kw==','离散数学','112','张钢',NULL,NULL,NULL,NULL,1),('3113001613','林丽水','eq9NcbxGmQZFdw8upGaKZg==','射频识别技术实验','117','高明琴',NULL,NULL,NULL,NULL,1),('3113001613','林丽水','FzmwwmAUrXglpecKLP1m6g==','软件工程C','111','李东',NULL,NULL,NULL,NULL,1),('3113001613','林丽水','HdGCF92iIMAcgzUjifvTMA==','物联网系统工程','110','蔡延光',NULL,NULL,NULL,NULL,1),('3113001613','林丽水','lx7xY+IvE2HyjVBbgZH9NQ==','嵌入式系统课程设计','115','张小波',NULL,NULL,NULL,NULL,1),('3113001613','林丽水','pMq9Lj+ciXsEfBVE5TJs0A==','嵌入式系统实验','115','张小波',NULL,NULL,NULL,NULL,1),('3113001613','林丽水','schnKW94AaApXDG5NOVBXw==','大学英语(1)','103','谢滔滔',NULL,NULL,NULL,NULL,1),('3113001613','林丽水','sHI9vF/JXHGeEb+s+FJ2Cg==','现代移动通信技术','114','方毅',NULL,NULL,NULL,NULL,1),('3113001613','林丽水','uE4sCJ723D8uzAT2vEYViA==','Java面向对象程序设计','113','刘敬勇',NULL,NULL,NULL,NULL,1),('3113001613','林丽水','Yvwjj4b1eutjB0HQ4KQBIg==','大学英语(2)','103','谢滔滔',NULL,NULL,NULL,NULL,1),('3113001614','林茂桂','52CgmGrgsdIhF12kG6wmbw==','微机原理及应用实验','102','王春茹',NULL,NULL,NULL,NULL,1),('3113001614','林茂桂','7Cnpk7l+LKyAp2eueYlmzA==','计算机网络课程设计','116','刘洪涛',NULL,NULL,NULL,NULL,1),('3113001614','林茂桂','addRP60OCky/8Egh84X46A==','高等数学A(1)','104','古伟清',NULL,NULL,NULL,NULL,1),('3113001614','林茂桂','AwYQzmF3FYE8VwVVIPS9Kw==','离散数学','112','张钢',NULL,NULL,NULL,NULL,1),('3113001614','林茂桂','eq9NcbxGmQZFdw8upGaKZg==','射频识别技术实验','117','高明琴',NULL,NULL,NULL,NULL,1),('3113001614','林茂桂','FzmwwmAUrXglpecKLP1m6g==','软件工程C','111','李东',NULL,NULL,NULL,NULL,1),('3113001614','林茂桂','HdGCF92iIMAcgzUjifvTMA==','物联网系统工程','110','蔡延光',NULL,NULL,NULL,NULL,1),('3113001614','林茂桂','lx7xY+IvE2HyjVBbgZH9NQ==','嵌入式系统课程设计','115','张小波',NULL,NULL,NULL,NULL,1),('3113001614','林茂桂','pMq9Lj+ciXsEfBVE5TJs0A==','嵌入式系统实验','115','张小波',NULL,NULL,NULL,NULL,1),('3113001614','林茂桂','schnKW94AaApXDG5NOVBXw==','大学英语(1)','103','谢滔滔',NULL,NULL,NULL,NULL,1),('3113001614','林茂桂','sHI9vF/JXHGeEb+s+FJ2Cg==','现代移动通信技术','114','方毅',NULL,NULL,NULL,NULL,1),('3113001614','林茂桂','uE4sCJ723D8uzAT2vEYViA==','Java面向对象程序设计','113','刘敬勇',NULL,NULL,NULL,NULL,1),('3113001614','林茂桂','Yvwjj4b1eutjB0HQ4KQBIg==','大学英语(2)','103','谢滔滔',NULL,NULL,NULL,NULL,1),('3113001615','林毅星','52CgmGrgsdIhF12kG6wmbw==','微机原理及应用实验','102','王春茹',NULL,NULL,NULL,NULL,1),('3113001615','林毅星','7Cnpk7l+LKyAp2eueYlmzA==','计算机网络课程设计','116','刘洪涛',NULL,NULL,NULL,NULL,1),('3113001615','林毅星','9cPcwEgDR1mR+TxTyWwclQ==','test2','102','王春茹',88,NULL,89,88,1),('3113001615','林毅星','addRP60OCky/8Egh84X46A==','高等数学A(1)','104','古伟清',NULL,NULL,NULL,NULL,1),('3113001615','林毅星','AwYQzmF3FYE8VwVVIPS9Kw==','离散数学','112','张钢',NULL,NULL,NULL,NULL,1),('3113001615','林毅星','eq9NcbxGmQZFdw8upGaKZg==','射频识别技术实验','117','高明琴',NULL,NULL,NULL,NULL,1),('3113001615','林毅星','FzmwwmAUrXglpecKLP1m6g==','软件工程C','111','李东',NULL,NULL,NULL,NULL,1),('3113001615','林毅星','HdGCF92iIMAcgzUjifvTMA==','物联网系统工程','110','蔡延光',NULL,NULL,NULL,NULL,1),('3113001615','林毅星','Idqs0Imj+KHRSJewvvivfg==','test','102','王春茹',88,84,87,86,1),('3113001615','林毅星','lx7xY+IvE2HyjVBbgZH9NQ==','嵌入式系统课程设计','115','张小波',NULL,NULL,NULL,NULL,1),('3113001615','林毅星','pMq9Lj+ciXsEfBVE5TJs0A==','嵌入式系统实验','115','张小波',NULL,NULL,NULL,NULL,1),('3113001615','林毅星','schnKW94AaApXDG5NOVBXw==','大学英语(1)','103','谢滔滔',NULL,NULL,NULL,NULL,1),('3113001615','林毅星','sHI9vF/JXHGeEb+s+FJ2Cg==','现代移动通信技术','114','方毅',NULL,NULL,NULL,NULL,1),('3113001615','林毅星','uE4sCJ723D8uzAT2vEYViA==','Java面向对象程序设计','113','刘敬勇',NULL,NULL,NULL,NULL,1),('3113001615','林毅星','uWtbjJIfIh15DYLvxporUw==','002','115','张小波',NULL,NULL,NULL,NULL,1),('3113001615','林毅星','xgmJBtEaRcvk5BD5dbAPYg==','001','115','张小波',NULL,NULL,NULL,NULL,1),('3113001615','林毅星','Yvwjj4b1eutjB0HQ4KQBIg==','大学英语(2)','103','谢滔滔',NULL,NULL,NULL,NULL,1),('3113001616','刘路祺','52CgmGrgsdIhF12kG6wmbw==','微机原理及应用实验','102','王春茹',88,NULL,91,90,1),('3113001616','刘路祺','7Cnpk7l+LKyAp2eueYlmzA==','计算机网络课程设计','116','刘洪涛',NULL,NULL,NULL,NULL,1),('3113001616','刘路祺','9cPcwEgDR1mR+TxTyWwclQ==','test2','102','王春茹',78,NULL,79,78,1),('3113001616','刘路祺','addRP60OCky/8Egh84X46A==','高等数学A(1)','104','古伟清',NULL,NULL,NULL,NULL,1),('3113001616','刘路祺','AwYQzmF3FYE8VwVVIPS9Kw==','离散数学','112','张钢',NULL,NULL,NULL,NULL,1),('3113001616','刘路祺','eq9NcbxGmQZFdw8upGaKZg==','射频识别技术实验','117','高明琴',NULL,NULL,NULL,NULL,1),('3113001616','刘路祺','FzmwwmAUrXglpecKLP1m6g==','软件工程C','111','李东',NULL,NULL,NULL,NULL,1),('3113001616','刘路祺','HdGCF92iIMAcgzUjifvTMA==','物联网系统工程','110','蔡延光',NULL,NULL,NULL,NULL,1),('3113001616','刘路祺','Idqs0Imj+KHRSJewvvivfg==','test','102','王春茹',NULL,NULL,NULL,NULL,1),('3113001616','刘路祺','lx7xY+IvE2HyjVBbgZH9NQ==','嵌入式系统课程设计','115','张小波',NULL,NULL,NULL,NULL,1),('3113001616','刘路祺','pMq9Lj+ciXsEfBVE5TJs0A==','嵌入式系统实验','115','张小波',NULL,NULL,NULL,NULL,1),('3113001616','刘路祺','schnKW94AaApXDG5NOVBXw==','大学英语(1)','103','谢滔滔',NULL,NULL,NULL,NULL,1),('3113001616','刘路祺','sHI9vF/JXHGeEb+s+FJ2Cg==','现代移动通信技术','114','方毅',NULL,NULL,NULL,NULL,1),('3113001616','刘路祺','uE4sCJ723D8uzAT2vEYViA==','Java面向对象程序设计','113','刘敬勇',NULL,NULL,NULL,NULL,1),('3113001616','刘路祺','uWtbjJIfIh15DYLvxporUw==','002','115','张小波',NULL,NULL,NULL,NULL,1),('3113001616','刘路祺','xgmJBtEaRcvk5BD5dbAPYg==','001','115','张小波',NULL,NULL,NULL,NULL,1),('3113001616','刘路祺','Yvwjj4b1eutjB0HQ4KQBIg==','大学英语(2)','103','谢滔滔',NULL,NULL,NULL,NULL,1),('3113001617','刘育锋','52CgmGrgsdIhF12kG6wmbw==','微机原理及应用实验','102','王春茹',NULL,NULL,NULL,NULL,1),('3113001617','刘育锋','7Cnpk7l+LKyAp2eueYlmzA==','计算机网络课程设计','116','刘洪涛',NULL,NULL,NULL,NULL,1),('3113001617','刘育锋','9cPcwEgDR1mR+TxTyWwclQ==','test2','102','王春茹',82,NULL,82,82,1),('3113001617','刘育锋','addRP60OCky/8Egh84X46A==','高等数学A(1)','104','古伟清',NULL,NULL,NULL,NULL,1),('3113001617','刘育锋','AwYQzmF3FYE8VwVVIPS9Kw==','离散数学','112','张钢',NULL,NULL,NULL,NULL,1),('3113001617','刘育锋','eq9NcbxGmQZFdw8upGaKZg==','射频识别技术实验','117','高明琴',NULL,NULL,NULL,NULL,1),('3113001617','刘育锋','FzmwwmAUrXglpecKLP1m6g==','软件工程C','111','李东',NULL,NULL,NULL,NULL,1),('3113001617','刘育锋','HdGCF92iIMAcgzUjifvTMA==','物联网系统工程','110','蔡延光',NULL,NULL,NULL,NULL,1),('3113001617','刘育锋','Idqs0Imj+KHRSJewvvivfg==','test','102','王春茹',NULL,NULL,NULL,NULL,1),('3113001617','刘育锋','lx7xY+IvE2HyjVBbgZH9NQ==','嵌入式系统课程设计','115','张小波',NULL,NULL,NULL,NULL,1),('3113001617','刘育锋','pMq9Lj+ciXsEfBVE5TJs0A==','嵌入式系统实验','115','张小波',NULL,NULL,NULL,NULL,1),('3113001617','刘育锋','schnKW94AaApXDG5NOVBXw==','大学英语(1)','103','谢滔滔',NULL,NULL,NULL,NULL,1),('3113001617','刘育锋','sHI9vF/JXHGeEb+s+FJ2Cg==','现代移动通信技术','114','方毅',NULL,NULL,NULL,NULL,1),('3113001617','刘育锋','uE4sCJ723D8uzAT2vEYViA==','Java面向对象程序设计','113','刘敬勇',NULL,NULL,NULL,NULL,1),('3113001617','刘育锋','uWtbjJIfIh15DYLvxporUw==','002','115','张小波',NULL,NULL,NULL,NULL,1),('3113001617','刘育锋','xgmJBtEaRcvk5BD5dbAPYg==','001','115','张小波',NULL,NULL,NULL,NULL,1),('3113001617','刘育锋','Yvwjj4b1eutjB0HQ4KQBIg==','大学英语(2)','103','谢滔滔',NULL,NULL,NULL,NULL,1),('3113001618','罗国峰','52CgmGrgsdIhF12kG6wmbw==','微机原理及应用实验','102','王春茹',NULL,NULL,NULL,NULL,1),('3113001618','罗国峰','7Cnpk7l+LKyAp2eueYlmzA==','计算机网络课程设计','116','刘洪涛',NULL,NULL,NULL,NULL,1),('3113001618','罗国峰','9cPcwEgDR1mR+TxTyWwclQ==','test2','102','王春茹',NULL,NULL,NULL,NULL,1),('3113001618','罗国峰','addRP60OCky/8Egh84X46A==','高等数学A(1)','104','古伟清',NULL,NULL,NULL,NULL,1),('3113001618','罗国峰','AwYQzmF3FYE8VwVVIPS9Kw==','离散数学','112','张钢',NULL,NULL,NULL,NULL,1),('3113001618','罗国峰','eq9NcbxGmQZFdw8upGaKZg==','射频识别技术实验','117','高明琴',NULL,NULL,NULL,NULL,1),('3113001618','罗国峰','FzmwwmAUrXglpecKLP1m6g==','软件工程C','111','李东',NULL,NULL,NULL,NULL,1),('3113001618','罗国峰','HdGCF92iIMAcgzUjifvTMA==','物联网系统工程','110','蔡延光',NULL,NULL,NULL,NULL,1),('3113001618','罗国峰','Idqs0Imj+KHRSJewvvivfg==','test','102','王春茹',NULL,NULL,NULL,NULL,1),('3113001618','罗国峰','lx7xY+IvE2HyjVBbgZH9NQ==','嵌入式系统课程设计','115','张小波',NULL,NULL,NULL,NULL,1),('3113001618','罗国峰','pMq9Lj+ciXsEfBVE5TJs0A==','嵌入式系统实验','115','张小波',NULL,NULL,NULL,NULL,1),('3113001618','罗国峰','schnKW94AaApXDG5NOVBXw==','大学英语(1)','103','谢滔滔',NULL,NULL,NULL,NULL,1),('3113001618','罗国峰','sHI9vF/JXHGeEb+s+FJ2Cg==','现代移动通信技术','114','方毅',NULL,NULL,NULL,NULL,1),('3113001618','罗国峰','uE4sCJ723D8uzAT2vEYViA==','Java面向对象程序设计','113','刘敬勇',NULL,NULL,NULL,NULL,1),('3113001618','罗国峰','uWtbjJIfIh15DYLvxporUw==','002','115','张小波',NULL,NULL,NULL,NULL,1),('3113001618','罗国峰','xgmJBtEaRcvk5BD5dbAPYg==','001','115','张小波',NULL,NULL,NULL,NULL,1),('3113001618','罗国峰','Yvwjj4b1eutjB0HQ4KQBIg==','大学英语(2)','103','谢滔滔',NULL,NULL,NULL,NULL,1),('3113001619','缪志鹏','9cPcwEgDR1mR+TxTyWwclQ==','test2','102','王春茹',NULL,NULL,NULL,NULL,1),('3113001619','缪志鹏','Idqs0Imj+KHRSJewvvivfg==','test','102','王春茹',NULL,NULL,NULL,NULL,1),('3113001619','缪志鹏','uWtbjJIfIh15DYLvxporUw==','002','115','张小波',NULL,NULL,NULL,NULL,1),('3113001619','缪志鹏','xgmJBtEaRcvk5BD5dbAPYg==','001','115','张小波',NULL,NULL,NULL,NULL,1);

/*Table structure for table `dept` */

DROP TABLE IF EXISTS `dept`;

CREATE TABLE `dept` (
  `deptNum` smallint(10) NOT NULL auto_increment COMMENT '系号码',
  `deptName` varchar(20) NOT NULL COMMENT '系名称',
  `deptChairman` varchar(10) NOT NULL COMMENT '系主任',
  `telephone` varchar(15) default '' COMMENT '联系方式',
  `description` text COMMENT '系介绍',
  PRIMARY KEY  (`deptNum`)
) ENGINE=InnoDB DEFAULT CHARSET=utf8;

/*Data for the table `dept` */

insert  into `dept`(`deptNum`,`deptName`,`deptChairman`,`telephone`,`description`) values (1,'自动化学院','谢胜利','','广东工业大学自动化学院坐落于美丽的广州大学城校区，由1958年创办的原广东工学院电工系发展而来。学院现已形成了本科、硕士研究生、博士研究生和博士后的人才培养体系,已培养毕业生两万余人。学院设有自动化、电气工程及其自动化（含电气与电子技术、电力系统自动化两个方向）、物联网与大数据工程、电子信息科学技术四个本科专业。'),(2,'外国语学院','蒋澄生','','外国语学院的前身是广东工业大学合并前的广东机械学院外语系，1993年3月创办，并于同年9月起招收英语专科生；1995年9月起招收英语本科生；2002年9月起英语本科专业按经贸和翻译两个方向招生，2003年9月起招收日语专业本科生，2003年11月外国语学院成立。2012年9月起开设商务英语专业和英语专业（科技方向）。2014年获准设置翻译本科专业，2014年开始招生。2014年获准设置翻译硕士学位点，2015年开始招生。外国语学院设英语系、日语系、翻译硕士（MTI）教育中心、大学英语一部、大学英语二部五个教学单位和一个研究机构──外国语言文化研究中心。'),(3,'计算机学院','凌捷','','计算机学院本科相关专业建设已有30多年的办学历史，涵盖计算机科学与技术、软件工程和信息安全三个学科。现有1个二级学科博士学位授权点，2个一级学科硕士学位授权点，2个工程硕士培养领域授权点；有1个广东省优势重点学科，1个省级名牌专业；拥有完整的从学士到博士的人才培养体系。'),(4,'信息工程学院','章国豪','','信息工程学院座落在广东工业大学大学城校园工学一号馆，建筑面积6522平方米，是广东省重要的IT人才培养基地。学院设有通信工程系、电子信息工程系、应用电子技术系和学院实验中心等四个基础教学单位。学院现有在校本科生2959人、硕士研究生308人。');

/*Table structure for table `major` */

DROP TABLE IF EXISTS `major`;

CREATE TABLE `major` (
  `majorNum` char(10) NOT NULL COMMENT '专业号码',
  `deptNum` smallint(6) NOT NULL COMMENT '系号码',
  `majorName` varchar(20) NOT NULL COMMENT '专业名',
  `majorAssistant` varchar(10) default '' COMMENT '辅导员',
  `telephone` varchar(15) default '' COMMENT '联系方式',
  `description` text COMMENT '专业介绍',
  PRIMARY KEY  (`majorNum`),
  KEY `major-dept` (`deptNum`),
  CONSTRAINT `major-dept` FOREIGN KEY (`deptNum`) REFERENCES `dept` (`deptNum`)
) ENGINE=InnoDB DEFAULT CHARSET=utf8;

/*Data for the table `major` */

insert  into `major`(`majorNum`,`deptNum`,`majorName`,`majorAssistant`,`telephone`,`description`) values ('101',1,'自动化专业','陈玮','','物联网是智慧地球、智慧城市、智能电网、智能交通、智能物流、智能家居、工业信息化和国防信息化等领域的重要支撑技术，具有广阔的发展空间。本专业培养学生掌握物联网系统软硬件研究、开发、应用集成和运行管理的基本理论、专业知识和基本技能，使学生具备物联网与通信、测控技术相结合的知识体系，成为能从事物联网产业相关产品与系统的研究、开发、生产、集成和运行管理的高级工程技术人才。鼓励继续攻读研究生。'),('102',1,'电气工程及其自动化专业','唐雄民','','本专业是电气工程与信息电子技术相结合的新兴学科专业。培养掌握电气技术、信息电子技术及计算机网络技术等方面知识，具有电气工程领域的基础理论和专业知识，又具有现代信息技术的专门知识和实践能力，从事电气工程、自动控制、电力电子、楼宇智能化、应用电子工程和计算机网络应用等领域的理论研究、设计运行、科研开发、企业管理工作的宽口径高级工程技术人才。鼓励继续攻读研究生。'),('103',1,'物联网工程专业','肖明','','该专业培养的学生就业方向涵盖物联网新兴产业所从事的物联网设备的软硬件开发、系统集成与管理工作；传统企业、事业、技术与行政管理部门单位从事物联网组网、管理与服务工作；以及教育培训机构从事物联网工程与技术的理论和实践教学工作。'),('104',1,'电子信息科学技术专业','徐迎晖','','培养具备电子信息科学与技术的基本理论、基本技能和专业知识，受到严格的科学实验训练和科学研究初步训练，能在电子信息科学与技术、计算机科学与技术及相关领域和行政部门从事科学研究、教学、科技开发、产品设计、生产技术或者管理工作的电子信息科学与技术的高级专门人才。鼓励继续攻读研究生。'),('201',2,'翻译专业','','','本专业旨在培养德才兼备、具有坚实的英语语言基础知识和跨文化交际能力、掌握良好的英汉双语运用能力和扎实的翻译知识和技巧，能胜任多个领域口笔译工作的应用型专门人才。\r\n'),('202',2,'英语专业(科技方向)','','','本专业旨在培养德才兼备、具备扎实的英语语言基本功、广博的人文知识和良好的综合素质，掌握科技、经贸等相关知识，具备较强的科技工作环境下的英语交际能力，能够满足国家和地方社会经济发展需要的复合型应用型科技英语人才。\r\n'),('203',2,'商务英语专业','','','本专业旨在培养德才兼备、具有坚实的英语语言基础知识和跨文化交际能力、掌握国际商务基础知识和理论，具备较强的商务操作技能和业务处理能力，能够满足国家和地方社会经济发展需要的复合型应用型商务英语人才。\r\n'),('204',2,'日语专业','','','本专业旨在培养德才兼备、具备扎实的日语语言基本功、广博的人文知识和良好的综合素质，掌握商务和经济贸易领域的基础知识和基本理论，具备较强的日语环境下的商务操作技能和业务处理能力，能够满足国家和地方社会经济发展需要的应用型日语高级人才。'),('301',3,'计算机科学与技术','','',NULL),('302',3,'软件工程','','',NULL),('303',3,'信息安全','','',NULL),('401',4,'通信工程','','',NULL),('402',4,'信息工程','','',NULL),('403',4,'信息工程(卓越工程师班)','','',NULL),('404',4,'电子信息工程','','',NULL);

/*Table structure for table `manager` */

DROP TABLE IF EXISTS `manager`;

CREATE TABLE `manager` (
  `managerNum` char(10) NOT NULL COMMENT '管理员工号',
  `name` varchar(10) NOT NULL COMMENT '姓名',
  `gender` char(2) NOT NULL default '' COMMENT '性别',
  `birthday` date default NULL COMMENT '出生日期',
  `password` varchar(20) NOT NULL COMMENT '密码',
  `email` varchar(20) default NULL COMMENT '邮箱地址',
  `cellphone` varchar(20) default NULL COMMENT '联系电话',
  PRIMARY KEY  (`managerNum`)
) ENGINE=InnoDB DEFAULT CHARSET=utf8;

/*Data for the table `manager` */

insert  into `manager`(`managerNum`,`name`,`gender`,`birthday`,`password`,`email`,`cellphone`) values ('001','雨临','男',NULL,'001','yulin@163.com','18812345678'),('002','龙涧悦','女',NULL,'002','longjianyue@163.com','18887654321');

/*Table structure for table `student` */

DROP TABLE IF EXISTS `student`;

CREATE TABLE `student` (
  `studentNum` char(10) NOT NULL COMMENT '学号',
  `name` varchar(10) NOT NULL default '' COMMENT '姓名',
  `deptNum` smallint(10) NOT NULL COMMENT '系号码',
  `deptName` varchar(20) NOT NULL COMMENT '系名称',
  `majorNum` char(10) NOT NULL COMMENT '专业号码',
  `majorName` varchar(20) NOT NULL default '' COMMENT '专业名称',
  `gradeNum` char(5) default NULL COMMENT '级号',
  `classNum` char(10) NOT NULL default '' COMMENT '班号',
  `gender` char(2) NOT NULL default '' COMMENT '性别',
  `birthday` date default NULL COMMENT '出生日期',
  `password` varchar(20) NOT NULL COMMENT '密码',
  `status` tinyint(1) NOT NULL default '1' COMMENT '状态',
  PRIMARY KEY  (`studentNum`),
  KEY `majorNum1` (`majorNum`),
  KEY `deptNum1` (`deptNum`),
  CONSTRAINT `deptNum1` FOREIGN KEY (`deptNum`) REFERENCES `dept` (`deptNum`),
  CONSTRAINT `majorNum1` FOREIGN KEY (`majorNum`) REFERENCES `major` (`majorNum`)
) ENGINE=InnoDB DEFAULT CHARSET=utf8;

/*Data for the table `student` */

insert  into `student`(`studentNum`,`name`,`deptNum`,`deptName`,`majorNum`,`majorName`,`gradeNum`,`classNum`,`gender`,`birthday`,`password`,`status`) values ('3112005734','黄荣森',1,'自动化学院','103','物联网工程专业','13','302','男',NULL,'3112005734',1),('3113001585','蔡文浩',1,'自动化学院','103','物联网工程专业','13','302','男',NULL,'3113001585',1),('3113001586','陈的庚',1,'自动化学院','103','物联网工程专业','13','302','男',NULL,'3113001586',1),('3113001587','陈浩光',1,'自动化学院','103','物联网工程专业','13','302','男',NULL,'3113001587',1),('3113001588','陈俊洪',1,'自动化学院','103','物联网工程专业','13','302','男',NULL,'3113001588',1),('3113001589','陈奇恒',1,'自动化学院','103','物联网工程专业','13','302','男',NULL,'3113001589',1),('3113001590','陈群',1,'自动化学院','103','物联网工程专业','13','302','男',NULL,'3113001590',1),('3113001591','陈晓俊',1,'自动化学院','103','物联网工程专业','13','302','男',NULL,'3113001591',1),('3113001592','陈雨',1,'自动化学院','103','物联网工程专业','13','302','男',NULL,'3113001592',1),('3113001593','陈志亨',1,'自动化学院','103','物联网工程专业','13','302','男',NULL,'3113001593',1),('3113001594','陈志杰',1,'自动化学院','103','物联网工程专业','13','302','男',NULL,'3113001594',1),('3113001595','陈子洋',1,'自动化学院','103','物联网工程专业','13','302','男',NULL,'3113001595',1),('3113001596','邓子熙',1,'自动化学院','103','物联网工程专业','13','302','男',NULL,'3113001596',1),('3113001597','丁校东',1,'自动化学院','103','物联网工程专业','13','302','男',NULL,'3113001597',1),('3113001598','高永效',1,'自动化学院','103','物联网工程专业','13','302','男',NULL,'3113001598',1),('3113001599','管金水',1,'自动化学院','103','物联网工程专业','13','302','男',NULL,'3113001599',1),('3113001600','郭冬青',1,'自动化学院','103','物联网工程专业','13','302','男',NULL,'3113001600',1),('3113001601','郭小聪',1,'自动化学院','103','物联网工程专业','13','302','男',NULL,'3113001601',1),('3113001602','何伟杰',1,'自动化学院','103','物联网工程专业','13','302','男',NULL,'3113001602',1),('3113001603','黄浩霖',1,'自动化学院','103','物联网工程专业','13','302','男',NULL,'3113001603',1),('3113001604','黄俊魁',1,'自动化学院','103','物联网工程专业','13','302','男',NULL,'3113001604',1),('3113001605','黄思博',1,'自动化学院','103','物联网工程专业','13','302','男',NULL,'3113001605',1),('3113001606','黄晓铭',1,'自动化学院','103','物联网工程专业','13','302','男',NULL,'3113001606',1),('3113001607','黄志鹏',1,'自动化学院','103','物联网工程专业','13','302','男',NULL,'3113001607',1),('3113001608','黎泽斌',1,'自动化学院','103','物联网工程专业','13','302','男',NULL,'3113001608',1),('3113001609','李俊潮',1,'自动化学院','103','物联网工程专业','13','302','男',NULL,'3113001609',1),('3113001610','廖政达',1,'自动化学院','103','物联网工程专业','13','302','男',NULL,'3113001610',1),('3113001611','林国亮',1,'自动化学院','103','物联网工程专业','13','302','男',NULL,'3113001611',1),('3113001612','林海艺',1,'自动化学院','103','物联网工程专业','13','302','男',NULL,'3113001612',1),('3113001613','林丽水',1,'自动化学院','103','物联网工程专业','13','302','男',NULL,'3113001613',1),('3113001614','林茂桂',1,'自动化学院','103','物联网工程专业','13','302','男',NULL,'3113001614',1),('3113001615','林毅星',1,'自动化学院','103','物联网工程专业','13','302','男',NULL,'3113001615',1),('3113001616','刘路祺',1,'自动化学院','103','物联网工程专业','13','302','男','1996-02-17','3113001616',1),('3113001617','刘育锋',1,'自动化学院','103','物联网工程专业','13','302','男',NULL,'3113001617',1),('3113001618','罗国峰',1,'自动化学院','103','物联网工程专业','13','302','男',NULL,'3113001618',1),('3113001619','缪志鹏',1,'自动化学院','103','物联网工程专业','13','302','男',NULL,'3113001619',1),('3113001620','欧伯海',1,'自动化学院','103','物联网工程专业','13','302','男',NULL,'3113001620',1),('3113001621','彭司宇',1,'自动化学院','103','物联网工程专业','13','302','男',NULL,'3113001621',1),('3113001622','沈桂浩',1,'自动化学院','103','物联网工程专业','13','302','男',NULL,'3113001622',1),('3113001623','苏俊辉',1,'自动化学院','103','物联网工程专业','13','302','男',NULL,'3113001623',1),('3113001624','谭汉佳',1,'自动化学院','103','物联网工程专业','13','302','男',NULL,'3113001624',1),('3113001625','王宇',1,'自动化学院','103','物联网工程专业','13','302','男',NULL,'3113001625',1),('3113001626','王跃',1,'自动化学院','103','物联网工程专业','13','302','男',NULL,'3113001626',1),('3113001627','魏卓成',1,'自动化学院','103','物联网工程专业','13','302','男',NULL,'3113001627',1),('3113001628','吴华艺',1,'自动化学院','103','物联网工程专业','13','302','男',NULL,'3113001628',1),('3113001629','吴玉波',1,'自动化学院','103','物联网工程专业','13','302','男',NULL,'3113001629',1),('3113001630','伍文浩',1,'自动化学院','103','物联网工程专业','13','302','男',NULL,'3113001630',1),('3113001631','谢福荣',1,'自动化学院','103','物联网工程专业','13','302','男',NULL,'3113001631',1),('3113001632','谢文兴',1,'自动化学院','103','物联网工程专业','13','302','男',NULL,'3113001632',1),('3113001633','杨智鑫',1,'自动化学院','103','物联网工程专业','13','302','男',NULL,'3113001633',1),('3113001634','张伟彪',1,'自动化学院','103','物联网工程专业','13','302','男',NULL,'3113001634',1),('3113001635','张晓鸣',1,'自动化学院','103','物联网工程专业','13','302','男',NULL,'3113001635',1),('3213001636','王今',1,'自动化学院','103','物联网工程专业','13','302','女',NULL,'3213001636',1),('3213001637','曾汝婷',1,'自动化学院','103','物联网工程专业','13','302','女',NULL,'3213001637',1),('3213001638','郑润媛',1,'自动化学院','103','物联网工程专业','13','302','女',NULL,'3213001638',1),('3213001639','朱祥玉',1,'自动化学院','103','物联网工程专业','13','302','女',NULL,'3213001639',1),('3217001640','小红',2,'外国语学院','202','英语专业(科技方向)','17','8','女','1998-04-12','3217001640',1);

/*Table structure for table `teacher` */

DROP TABLE IF EXISTS `teacher`;

CREATE TABLE `teacher` (
  `teacherNum` char(10) NOT NULL default '' COMMENT '教师工号',
  `name` varchar(10) NOT NULL default '' COMMENT '姓名',
  `deptNum` smallint(10) NOT NULL COMMENT '系号码',
  `deptName` varchar(10) NOT NULL default '' COMMENT '系名称',
  `gender` char(2) NOT NULL default '' COMMENT '性别',
  `birthday` date default NULL COMMENT '出生日期',
  `password` varchar(20) NOT NULL COMMENT '密码',
  `teacherTitle` varchar(20) default '' COMMENT '职称',
  `email` varchar(20) default NULL COMMENT '邮箱地址',
  `cellphone` varchar(20) default NULL COMMENT '联系电话',
  `status` tinyint(1) NOT NULL default '1' COMMENT '状态',
  PRIMARY KEY  (`teacherNum`),
  KEY `teacher-dept` (`deptNum`),
  CONSTRAINT `teacher-dept` FOREIGN KEY (`deptNum`) REFERENCES `dept` (`deptNum`)
) ENGINE=InnoDB DEFAULT CHARSET=utf8;

/*Data for the table `teacher` */

insert  into `teacher`(`teacherNum`,`name`,`deptNum`,`deptName`,`gender`,`birthday`,`password`,`teacherTitle`,`email`,`cellphone`,`status`) values ('101','肖明',1,'自动化学院','男',NULL,'101','教授',NULL,NULL,1),('102','王春茹',1,'自动化学院','女',NULL,'102','讲师','wang@126.com',NULL,1),('103','谢滔滔',1,'自动化学院','女',NULL,'103','',NULL,NULL,1),('104','古伟清',1,'自动化学院','男',NULL,'104','',NULL,NULL,1),('105','谢胜利',1,'自动化学院','男',NULL,'105','教授',NULL,NULL,1),('106','余荣',1,'自动化学院','男',NULL,'106','教授',NULL,NULL,1),('107','何昭水',1,'自动化学院','男',NULL,'107','教授',NULL,NULL,1),('108','罗小燕',1,'自动化学院','女',NULL,'108','副教授',NULL,NULL,1),('109','黄永慧',1,'自动化学院','男',NULL,'109','讲师',NULL,NULL,1),('110','蔡延光',1,'自动化学院','男',NULL,'110','教授',NULL,NULL,1),('111','李东',1,'自动化学院','男',NULL,'111','讲师',NULL,NULL,1),('112','张钢',1,'自动化学院','男',NULL,'112','讲师','ip@gdut.edu.cn','13632332333',1),('113','刘敬勇',3,'计算机学院','男',NULL,'113','讲师','liu@sohu.com','',1),('114','方毅',4,'信息工程学院','男',NULL,'114','讲师','','',1),('115','张小波',1,'自动化学院','男',NULL,'115','讲师','zxb@gdut.edu.cn','13988888282',1),('116','刘洪涛',1,'自动化学院','男',NULL,'116','讲师','Lht@gmail.com','',1),('117','高明琴',1,'自动化学院','女',NULL,'117','讲师','mq@gdut.edu.cn','11126660',1),('118','422',2,'外国语学院','女',NULL,'118','副教授','425','111111',1);

/*!40101 SET SQL_MODE=@OLD_SQL_MODE */;
/*!40014 SET FOREIGN_KEY_CHECKS=@OLD_FOREIGN_KEY_CHECKS */;
/*!40014 SET UNIQUE_CHECKS=@OLD_UNIQUE_CHECKS */;
/*!40111 SET SQL_NOTES=@OLD_SQL_NOTES */;
